/home/richard/project/SAT_benchmark/1_min_timeout/02066c116dbacc40ec5cca2067db26c0-mrpp_4x4#12_12.cnf,UNSAT,4535.25,38.74,4496.51,659260,236059
/home/richard/project/SAT_benchmark/1_min_timeout/02f6ca52f1ada872d82035088701b66a-linked_list_swap_contents_safety_unwind69.cnf,UNSAT,32478.82,160.90,32317.93,599504,9461
/home/richard/project/SAT_benchmark/1_min_timeout/04e219c640ed59dc68ea2d50493de5b5-mp1-Nb5T15.cnf,SAT,57813.36,890.46,56922.90,15387454,2444611
/home/richard/project/SAT_benchmark/1_min_timeout/07e6413459f92b613498a719125b6239-j3037_10_mdd_bm1.cnf,UNSAT,14635.17,41.48,14593.69,691700,306178
/home/richard/project/SAT_benchmark/1_min_timeout/0876c518e5653369e20fb1ee0bb8db40-mp1-klieber2017s-0500-023-t12.cnf,SAT,28682.69,34.36,28648.33,585614,336754
/home/richard/project/SAT_benchmark/1_min_timeout/089f909e37b3ef0c4d90687f7e22b68f-simon-r18-0.sanitized.cnf,SAT,0.34,0.00,0.34,0,0
/home/richard/project/SAT_benchmark/1_min_timeout/08ccc34df5d8eb9e9d45278af3dc093d-simon-r16-1.sanitized.cnf,SAT,0.27,0.00,0.27,0,0
/home/richard/project/SAT_benchmark/1_min_timeout/093fa3ff9f7bc9979c43f9d2310ac21d-128_125.sanitized.cnf,SAT,95542.70,0.00,95542.70,0,0
/home/richard/project/SAT_benchmark/1_min_timeout/09d7add3bf3b75c5d1023a92e752989a-Break_unsat_04_03.xml.cnf,UNSAT,10.26,0.04,10.22,1367,648
/home/richard/project/SAT_benchmark/1_min_timeout/0ac6aaf6db6a0e4ec3a06e865d01086f-pcmax-scheduling-m13-2011-12813-UNSAT.sanitized.cnf,UNSAT,52544.04,279.40,52264.64,5128562,3365072
/home/richard/project/SAT_benchmark/1_min_timeout/0cace8a29a1d6b225a8da561d35e8f5a-lru_10.sanitized.cnf,SAT,1964.90,0.00,1964.90,0,0
/home/richard/project/SAT_benchmark/1_min_timeout/0cfe9c90d3a51435a5e4dba7634b882f-g2-ak128boothbg2msisc.cnf,SAT,28.78,0.00,28.78,0,0
/home/richard/project/SAT_benchmark/1_min_timeout/0d3160b80aa406bfc718c007265b9e73-linked_list_swap_contents_safety_unwind65.cnf,UNSAT,41351.38,131.42,41219.96,605531,12194
/home/richard/project/SAT_benchmark/1_min_timeout/0d81711a3d73c828e8c6e12607eda82d-noL-11-20.sanitized.cnf,SAT,42314.66,286.35,42028.31,6175354,2289262
/home/richard/project/SAT_benchmark/1_min_timeout/0ef029cb7616d4a89eb6d1f63e89f67e-or_randxor_k3_n510_m510.sanitized.cnf,UNSAT,1564.91,8.44,1556.47,177700,143039
/home/richard/project/SAT_benchmark/1_min_timeout/0f262afd5b117000f8b4734d175aadab-linked_list_swap_contents_safety_unwind73.cnf,UNSAT,41998.94,151.20,41847.74,595569,9592
/home/richard/project/SAT_benchmark/1_min_timeout/0fa9521ff633b27be11525a7b0f7d8b6-jgiraldezlevy.2200.9086.08.40.41.cnf,SAT,3387.49,30.84,3356.65,716713,135101
/home/richard/project/SAT_benchmark/1_min_timeout/1.cnf,UNSAT,52.40,0.00,52.40,0,0
/home/richard/project/SAT_benchmark/1_min_timeout/10.cnf,UNSAT,395.22,5.20,390.02,181553,146009
/home/richard/project/SAT_benchmark/1_min_timeout/1009c791cee542cdf19651fe25e6881a-summle_X4053_steps8_I1-2-2-4-4-8-25-100.cnf,SAT,3928.17,45.79,3882.38,354482,55307
/home/richard/project/SAT_benchmark/1_min_timeout/11.cnf,UNSAT,1309.14,8.90,1300.24,221761,178711
/home/richard/project/SAT_benchmark/1_min_timeout/13ae2628d8e113db1786dba41a65fe38-x9-10027.sat.sanitized.cnf,SAT,16855.96,60.74,16795.22,1252586,710883
/home/richard/project/SAT_benchmark/1_min_timeout/1427381a809c64c721838894ece6756d-shuffling-2-s25242449-of-bench-sat04-727.used-as.sat04-753.cnf,SAT,9953.63,34.92,9918.71,139298,4285
/home/richard/project/SAT_benchmark/1_min_timeout/1507d9812624b3e0eaf15e40100be020-x9-12014.sat.sanitized.cnf,SAT,8996.39,36.90,8959.48,724848,393009
/home/richard/project/SAT_benchmark/1_min_timeout/1545660e72158c7e90da5ad4c877a124-hwmcc20miters-iso-rast-p06.sanitized.cnf,UNSAT,71.13,0.00,71.13,0,0
/home/richard/project/SAT_benchmark/1_min_timeout/170b13af977e962321c493544b2bd0a9-circuit_48in64out_with_800gates_4in4out_dist128_seed4.sanitized.cnf,SAT,6946.54,53.18,6893.35,819218,289003
/home/richard/project/SAT_benchmark/1_min_timeout/195852083a05edee1902233698eec14a-x9-11077.sat.sanitized.cnf,SAT,25208.17,86.70,25121.47,1685160,1034619
/home/richard/project/SAT_benchmark/1_min_timeout/19e2c3a0865c8c1b4543d11213bebe5f-x9-09024.sat.sanitized.cnf,UNSAT,12159.81,42.84,12116.97,850725,555309
/home/richard/project/SAT_benchmark/1_min_timeout/1a20d903db74ab566efc68a35e6b0ec5-hwmcc20miters-iso-rast-p11.sanitized.cnf,UNSAT,67.60,0.00,67.60,0,0
/home/richard/project/SAT_benchmark/1_min_timeout/1afa2d7a3d817c3149da432eece66da8-worker_550_550_550_0.3.cnf,SAT,4960.91,74.97,4885.93,497904,2003
/home/richard/project/SAT_benchmark/1_min_timeout/1e0da402100982e53001a64281149dd9-linked_list_swap_contents_safety_unwind63.cnf,UNSAT,25864.55,129.49,25735.06,593869,6711
/home/richard/project/SAT_benchmark/1_min_timeout/1ea68d0008f01c50a1e4fec77dd0775e-REGRandom-K4-L1-Seed30.sanitized.cnf,UNSAT,1675.13,4.44,1670.69,90351,5529
/home/richard/project/SAT_benchmark/1_min_timeout/1f44da3598ccf8bcbe9a90fb1b2f1ebd-REGRandom-K3-L3-Seed25.sanitized.cnf,UNSAT,510.53,2.56,507.97,70800,3152
/home/richard/project/SAT_benchmark/1_min_timeout/2.cnf,UNSAT,1833.28,0.00,1833.28,0,0
/home/richard/project/SAT_benchmark/1_min_timeout/22b4cf412c811872d6ba5078106aeb6c-j3037_10_rggt_b.cnf,SAT,36620.12,97.71,36522.42,1763917,732752
/home/richard/project/SAT_benchmark/1_min_timeout/282a02a1743eb47c6b340e52ecce40a2-lru_6.sanitized.cnf,SAT,1217.33,0.00,1217.33,0,0
/home/richard/project/SAT_benchmark/1_min_timeout/2a15a30186afdad41a49c5c5366d01be-Timetable_C_392_E_62_Cl_26_S_28.cnf,SAT,15868.60,823.58,15045.02,13401923,59756
/home/richard/project/SAT_benchmark/1_min_timeout/2a53e9c6a25a50d753a94ead66065826-mp1-ps_5000_21250_3_0_0.8_0_1.50_6.cnf,UNSAT,17271.08,70.76,17200.31,1470563,813210
/home/richard/project/SAT_benchmark/1_min_timeout/2b043efb4bde6d83f7c95a8e8e2d7bf8-simon-r21-0.sanitized.cnf,SAT,0.37,0.00,0.37,0,0
/home/richard/project/SAT_benchmark/1_min_timeout/2fcd8533eba981967292f1b6e41f7433-simon-r20-0.sanitized.cnf,SAT,0.37,0.00,0.37,0,0
/home/richard/project/SAT_benchmark/1_min_timeout/3.cnf,SAT,0.38,0.00,0.38,0,0
/home/richard/project/SAT_benchmark/1_min_timeout/303480ca7e8322d771c94caf4ebd4e95-circuit_48in64out_with_700gates_4in4out_dist128_seed1.sanitized.cnf,SAT,2175.99,17.15,2158.84,299207,112473
/home/richard/project/SAT_benchmark/1_min_timeout/3129198788f182ce6955b18aa3c7e61e-simon-r24-1.sanitized.cnf,SAT,0.43,0.00,0.43,0,0
/home/richard/project/SAT_benchmark/1_min_timeout/31bb67fe67e57dbeb8c4819b01892588-hwmcc17miters-xits-iso-oski15a08b08s.sanitized.cnf,UNSAT,1843.29,0.00,1843.29,0,0
/home/richard/project/SAT_benchmark/1_min_timeout/37ca184832fc6fa43a22ae900f1756a2-circuit_32in32out_with_350gates_6in6out_dist64_seed1.sanitized.cnf,SAT,23808.12,200.78,23607.35,3812407,1630055
/home/richard/project/SAT_benchmark/1_min_timeout/396fd56f3fd7b85afbba4254ea6e746c-circuit_32in32out_with_80gates_7in7out_dist128_seed1.sanitized.cnf,SAT,48253.92,169.78,48084.14,2661786,2015090
/home/richard/project/SAT_benchmark/1_min_timeout/3988a60c6e93167763c6fd2a347d5859-Break_08_24.xml.cnf,SAT,38.11,0.85,37.27,20774,1159
/home/richard/project/SAT_benchmark/1_min_timeout/3a75ad246dbc750a7391ad887c5b0835-x9-11093.sat.sanitized.cnf,SAT,16826.16,64.44,16761.72,1338592,712452
/home/richard/project/SAT_benchmark/1_min_timeout/3bf8ba6bb4e4ea9ad08b1b058661ba2e-summle_X4044_steps7_I1-2-2-4-4-8-25-100.cnf,SAT,3641.44,35.00,3606.45,323487,44897
/home/richard/project/SAT_benchmark/1_min_timeout/3ed56242f55e3653dbceeb4a70221787-rbsat-v945c61409gyes9-sc2009.cnf,SAT,13903.29,95.28,13808.01,1480543,616509
/home/richard/project/SAT_benchmark/1_min_timeout/4.cnf,SAT,64419.41,0.00,64419.41,0,0
/home/richard/project/SAT_benchmark/1_min_timeout/4073757aae06fc2b50c043f088b132b4-simon-r19-1.sanitized.cnf,SAT,0.33,0.00,0.33,0,0
/home/richard/project/SAT_benchmark/1_min_timeout/43e492bccfd57029b758897b17d7f04f-pb_300_09_lb_07.cnf,SAT,34098.99,527.20,33571.78,2818197,313255
/home/richard/project/SAT_benchmark/1_min_timeout/475803537529d9d14a034957f48a6d38-x9-09076.sat.sanitized.cnf,UNSAT,12805.37,45.84,12759.53,914754,584828
/home/richard/project/SAT_benchmark/1_min_timeout/5.cnf,SAT,39706.38,0.00,39706.38,0,0
/home/richard/project/SAT_benchmark/1_min_timeout/50019e4419d48196bb4b95933a8b5030-noL-11-14.sanitized.cnf,SAT,24401.84,192.83,24209.01,4158407,1426332
/home/richard/project/SAT_benchmark/1_min_timeout/511a2d81661a185c2115daec42270dec-circuit_32in32out_with_500gates_6in6out_dist64_seed1.sanitized.cnf,SAT,59495.94,388.45,59107.49,7042639,2387251
/home/richard/project/SAT_benchmark/1_min_timeout/52aaf653a79ca14fa1127cda32aa94ce-noL-11-10.sanitized.cnf,SAT,31753.21,267.41,31485.80,5629690,1860666
/home/richard/project/SAT_benchmark/1_min_timeout/543e67dd5abc272c37775b1b742a1d9a-qwh.60.1728.shuffled-as.sat03-1659.cnf,SAT,51820.49,2519.25,49301.24,21899265,494057
/home/richard/project/SAT_benchmark/1_min_timeout/573cc82ec61e01fd6e6308493ee56289-linked_list_swap_contents_safety_unwind80.cnf,UNSAT,55621.91,173.48,55448.43,823160,14530
/home/richard/project/SAT_benchmark/1_min_timeout/57f4ea7ab160d996e38e69fac59869c4-x9-09047.sat.sanitized.cnf,UNSAT,11448.42,40.49,11407.93,797855,528315
/home/richard/project/SAT_benchmark/1_min_timeout/5ea72bcdccc86bd1a924029f7b81aec5-atco_enc1_opt1_10_15.cnf,SAT,54844.86,258.84,54586.02,3845662,1420007
/home/richard/project/SAT_benchmark/1_min_timeout/5ee7de2bd112aa39485e79c9d487bf8f-simon-r23-1.sanitized.cnf,SAT,0.42,0.00,0.42,0,0
/home/richard/project/SAT_benchmark/1_min_timeout/6.cnf,SAT,67172.06,0.00,67172.06,0,0
/home/richard/project/SAT_benchmark/1_min_timeout/65c5a5d228ec5e52d1a72f918086f584-32_100.sanitized.cnf,SAT,20205.99,0.00,20205.99,0,0
/home/richard/project/SAT_benchmark/1_min_timeout/6add7e416c1126607afeb2666af330ac-constraints_16_0.5_1.sanitized.cnf,UNSAT,38333.44,90.61,38242.83,1351621,853697
/home/richard/project/SAT_benchmark/1_min_timeout/6c52aca5b5fd284bf1940b84df90a367-1-TC-256-K-71.sanitized.cnf,UNSAT,39134.85,406.50,38728.35,4879122,1057076
/home/richard/project/SAT_benchmark/1_min_timeout/6f7a0e1cf94b6b26eafc08a827a692ce-circuit_64in64out_with_64gates_8in5out_dist256_seed1.sanitized.cnf,SAT,14617.81,43.10,14574.71,681605,511215
/home/richard/project/SAT_benchmark/1_min_timeout/7.cnf,UNSAT,77.08,0.00,77.08,0,0
/home/richard/project/SAT_benchmark/1_min_timeout/7083b70c1976162e2693d7a493717ffd-battleship-14-26-sat.cnf,SAT,4715.20,45.90,4669.31,1242961,314085
/home/richard/project/SAT_benchmark/1_min_timeout/70bfbd054dc9ffd394fab32845b492d3-circuit_32in32out_with_100gates_7in7out_dist64_seed2.sanitized.cnf,SAT,28191.59,91.50,28100.08,1592174,1758750
/home/richard/project/SAT_benchmark/1_min_timeout/70ef2b6bdc4101a0e35cf3d165571fe3-qwh.50.1250.shuffled-as.sat03-1655.cnf,SAT,4044.50,123.44,3921.06,1242142,39013
/home/richard/project/SAT_benchmark/1_min_timeout/71a3dd6156463c0c55c4b38394faa753-af-synthesis_stb_50_120_4_sat.cnf,SAT,27870.88,110.04,27760.84,2036382,476588
/home/richard/project/SAT_benchmark/1_min_timeout/72c0d81e16d91bcaed808efcde2e5069-Folkman-175-1251868.sanitized.cnf,SAT,24155.57,890.71,23264.87,17119440,1175255
/home/richard/project/SAT_benchmark/1_min_timeout/7429e380834066c206394139c9e1e17d-af-synthesis_stb_50_100_9_sat.cnf,SAT,1569.53,7.54,1561.99,90825,11650
/home/richard/project/SAT_benchmark/1_min_timeout/773f3bd29e202ff700d8b5b459857a2c-Folkman-175-9054056.sanitized.cnf,SAT,25765.79,917.61,24848.18,18120821,1247659
/home/richard/project/SAT_benchmark/1_min_timeout/77b7f7bbf75faaee28f473b9941de103-Folkman-185-19924337.sanitized.cnf,SAT,25290.88,1013.08,24277.79,19306555,1258511
/home/richard/project/SAT_benchmark/1_min_timeout/79b9e24dd9af185dbec18c9b0a32b1e2-g2-slp-synthesis-aes-top30.cnf,SAT,18962.09,171.45,18790.64,2455209,408365
/home/richard/project/SAT_benchmark/1_min_timeout/7ac7fabd8c078aea420087a0c80e5563-circuit_32in32out_with_400gates_6in6out_dist64_seed1.sanitized.cnf,SAT,32544.38,265.85,32278.54,4744246,1869498
/home/richard/project/SAT_benchmark/1_min_timeout/7e1d279559b202016e5797901e731a39-simon-r25-0.sanitized.cnf,SAT,0.45,0.00,0.45,0,0
/home/richard/project/SAT_benchmark/1_min_timeout/7f1c7da531539f3be4a1e0e916913086-pcmax-scheduling-m19-2974-16501-UNSAT.sanitized.cnf,UNSAT,29388.53,198.89,29189.65,3650993,2203445
/home/richard/project/SAT_benchmark/1_min_timeout/7f7109dce621ef361a72b3e8cee9a962-Break_unsat_06_07.xml.cnf,UNSAT,488.62,3.21,485.41,76739,29101
/home/richard/project/SAT_benchmark/1_min_timeout/7fb202a51c0223f3119887a57086ca4d-x9-09051.sat.sanitized.cnf,UNSAT,18206.27,61.84,18144.43,1225734,801215
/home/richard/project/SAT_benchmark/1_min_timeout/8.cnf,SAT,1422.56,0.00,1422.56,0,0
/home/richard/project/SAT_benchmark/1_min_timeout/812926407774771b3bd9885f7bfa4841-lru_9.sanitized.cnf,SAT,1835.91,0.00,1835.91,0,0
/home/richard/project/SAT_benchmark/1_min_timeout/83b330c934d6dd35d56e1b1ca3638b3c-j3037_1_mdd_b.cnf,SAT,17852.82,57.50,17795.32,902249,288915
/home/richard/project/SAT_benchmark/1_min_timeout/84c6d7e4a18aacf166105aaa3cd6e3de-128_100.sanitized.cnf,SAT,81161.42,0.00,81161.42,0,0
/home/richard/project/SAT_benchmark/1_min_timeout/8530c911b75ab1b276042043d118a875-constraints_16_0.4_1.sanitized.cnf,UNSAT,35677.74,87.87,35589.86,1294601,799139
/home/richard/project/SAT_benchmark/1_min_timeout/878bcc11e1e243680f7946bcf428f465-linked_list_swap_contents_safety_unwind45.cnf,UNSAT,23453.93,98.21,23355.73,618110,11095
/home/richard/project/SAT_benchmark/1_min_timeout/8b31606e10656ff7eb2936262b647443-stable-300-0.1-20-98765432130020.cnf,SAT,35411.43,189.88,35221.55,4456060,2176408
/home/richard/project/SAT_benchmark/1_min_timeout/8d4b50ec0cf99097e9ab0835937afee5-hwmcc17miters-xits-iso-6s281b35.sanitized.cnf,UNSAT,2619.15,0.00,2619.15,0,0
/home/richard/project/SAT_benchmark/1_min_timeout/8e720686372c5037f30b4fc7b1c71d48-constraints_17_0.4_1.sanitized.cnf,SAT,5162.04,10.70,5151.33,149155,46768
/home/richard/project/SAT_benchmark/1_min_timeout/9.cnf,UNSAT,5.87,0.00,5.86,62,38
/home/richard/project/SAT_benchmark/1_min_timeout/915a25bd189357e4c6d7771b69a6849f-x9-09004.sat.sanitized.cnf,UNSAT,18210.75,61.51,18149.25,1236393,810355
/home/richard/project/SAT_benchmark/1_min_timeout/9276ce38c625b2d00de247f8588f1542-combined-crypto1-wff-seed-102-wffvars-500-cryptocplx-31-overlap-2.cnf,SAT,5666.32,34.92,5631.40,842444,336289
/home/richard/project/SAT_benchmark/1_min_timeout/9cd3acdb765c15163bc239ae3a57f880-FmlaEquivChain_4_6_6.sanitized.cnf,UNSAT,10974.43,593.46,10380.97,9543134,538410
/home/richard/project/SAT_benchmark/1_min_timeout/9dcbf221b8d2bb01f30bcca283f3608d-EDP3-11000.cnf,SAT,21264.09,602.19,20661.90,4785702,146403
/home/richard/project/SAT_benchmark/1_min_timeout/a14d9ee17051ec08a4334ba43089502c-64_200.sanitized.cnf,SAT,76517.72,0.00,76517.72,0,0
/home/richard/project/SAT_benchmark/1_min_timeout/a38affaa741c958fc32769d5fe89b06c-frb65-12-2.used-as.sat04-874.cnf,SAT,7356.11,47.99,7308.11,965757,316713
/home/richard/project/SAT_benchmark/1_min_timeout/a45a0358685867bd4f1c7f7c0b0e379c-x9-10014.sat.sanitized.cnf,SAT,18715.18,64.24,18650.94,1266126,747919
/home/richard/project/SAT_benchmark/1_min_timeout/aaa3654cc92d80da84ecf5d18040c634-linked_list_swap_contents_safety_unwind62.cnf,UNSAT,35398.22,222.13,35176.09,1773370,10291
/home/richard/project/SAT_benchmark/1_min_timeout/aacfb8797097f698d14337d3a04f3065-barman-pfile06-022.sas.ex.7.cnf,UNSAT,542.40,2.64,539.76,31159,2242
/home/richard/project/SAT_benchmark/1_min_timeout/aceab5a3452e2901e645065bda3e8847-lru_8.sanitized.cnf,SAT,1607.35,0.00,1607.35,0,0
/home/richard/project/SAT_benchmark/1_min_timeout/ad4e151d80c7012d88dd79bcfceaade5-x9-08075.sat.sanitized.cnf,UNSAT,8543.46,30.46,8513.00,592955,382523
/home/richard/project/SAT_benchmark/1_min_timeout/adf6dacdd64c93f9de1aa0eadf427faa-circuit_48in64out_with_800gates_4in4out_dist128_seed1.sanitized.cnf,SAT,12974.69,70.64,12904.05,1160416,450718
/home/richard/project/SAT_benchmark/1_min_timeout/ae9522ea003ea9f75891b2d37a5e264b-srhd-sgi-m37-q446.25-n35-p30-s33692332.cnf,SAT,0.15,0.00,0.15,0,0
/home/richard/project/SAT_benchmark/1_min_timeout/af750c18578d52e60472315692ad83c0-si2-b03m-m800-03.cnf,SAT,2039.79,12.83,2026.96,247948,54925
/home/richard/project/SAT_benchmark/1_min_timeout/b44ea915362c3a140269003d45b1d053-x9-11034.sat.sanitized.cnf,SAT,6611.58,28.06,6583.52,548080,287741
/home/richard/project/SAT_benchmark/1_min_timeout/b4b41b2ff14427e5715cb9bee06d4602-constraints_17_0.3_2.sanitized.cnf,UNSAT,18499.85,51.01,18448.84,642690,366324
/home/richard/project/SAT_benchmark/1_min_timeout/b68ae7866df5e852c3acb97a46da2faf-circuit_48in64out_with_1000gates_4in4out_dist128_seed4.sanitized.cnf,SAT,49035.19,212.79,48822.40,3219742,1306689
/home/richard/project/SAT_benchmark/1_min_timeout/b8c7c777e76995e5bf7b517f2db234ba-noL-11-16.sanitized.cnf,SAT,37749.00,261.02,37487.97,5194184,1980208
/home/richard/project/SAT_benchmark/1_min_timeout/b8f5fc2425facb3aec52a665f32a500c-asconhashv12_opt64_H6_M2-PgbpwX_m0_4_U1.c.cnf,UNSAT,59033.44,28.37,59005.07,184689,92100
/home/richard/project/SAT_benchmark/1_min_timeout/bbfed8974655bca520259deb10d2347b-x9-09054.sat.sanitized.cnf,SAT,12685.28,44.53,12640.75,917096,562553
/home/richard/project/SAT_benchmark/1_min_timeout/bd8bc25be2b36c64b38459c17e815814-pcmax-scheduling-m11-1517-6802-UNSAT.sanitized.cnf,UNSAT,18896.37,99.40,18796.96,1979103,1407886
/home/richard/project/SAT_benchmark/1_min_timeout/be6411f4784a3c879886dda807cdc607-j3037_10_mdd_b.cnf,SAT,7366.14,24.46,7341.68,444973,130851
/home/richard/project/SAT_benchmark/1_min_timeout/c03f7f84f6ac9e523c17e391c3895183-linked_list_swap_contents_safety_unwind68.cnf,UNSAT,32324.01,124.40,32199.61,639816,7157
/home/richard/project/SAT_benchmark/1_min_timeout/c0e6e6eeebd48ca600cfc7d662fa804c-x9-10093.sat.sanitized.cnf,UNSAT,59101.11,170.30,58930.81,3411861,2265500
/home/richard/project/SAT_benchmark/1_min_timeout/c214f1eb2576af00e3fb09f7d0305764-64_150.sanitized.cnf,SAT,57270.21,0.00,57270.21,0,0
/home/richard/project/SAT_benchmark/1_min_timeout/c3e53c353f30d9e2eb54ed93d6ce4f02-x9-09007.sat.sanitized.cnf,UNSAT,12506.06,42.48,12463.58,835563,552128
/home/richard/project/SAT_benchmark/1_min_timeout/c5a98231dd54cbca06135293bb7e1985-x9-11053.sat.sanitized.cnf,SAT,22366.65,77.47,22289.18,1559278,872689
/home/richard/project/SAT_benchmark/1_min_timeout/c6568fc8805127e876c4c23551bf49fa-x9-10076.sat.sanitized.cnf,UNSAT,42701.19,129.28,42571.90,2518976,1698905
/home/richard/project/SAT_benchmark/1_min_timeout/c76f3c6c2e2eae85fc5f3d499f3db88d-mp1-blockpuzzle_5x10_s7_free4.cnf,UNSAT,7214.83,57.32,7157.51,738444,327840
/home/richard/project/SAT_benchmark/1_min_timeout/c801a020a6c8bc3c287fea495203b114-worker_20_40_20_0.95.cnf,SAT,30.02,0.05,29.97,1597,481
/home/richard/project/SAT_benchmark/1_min_timeout/c8b129b9e4835b8a40d5ef0d27a45bef-linked_list_swap_contents_safety_unwind78.cnf,UNSAT,42757.42,191.21,42566.21,506490,10286
/home/richard/project/SAT_benchmark/1_min_timeout/c8e64404361f2426490d39459832c66a-64_25.sanitized.cnf,SAT,8673.28,0.00,8673.28,0,0
/home/richard/project/SAT_benchmark/1_min_timeout/ca14adcb9296a7b31d7815c2ed16d0f1-ITC2021_Early_3.xml.cnf,SAT,265.08,6.53,258.55,40076,4476
/home/richard/project/SAT_benchmark/1_min_timeout/cb2e8b7fada420c5046f587ea754d052-clique_n2_k10.sanitized.cnf,UNSAT,5715.05,43.32,5671.72,960367,730987
/home/richard/project/SAT_benchmark/1_min_timeout/cdce6277b01ae06ddb95468c5f05de71-simon-r17-0.sanitized.cnf,SAT,0.29,0.00,0.29,0,0
/home/richard/project/SAT_benchmark/1_min_timeout/d195412a62cdcbb851136f60af76f463-x9-09098.sat.sanitized.cnf,UNSAT,26995.31,81.87,26913.45,1674536,1115904
/home/richard/project/SAT_benchmark/1_min_timeout/d3893e43819a907055a84e48a6ee97ba-g2-ak128boothbg2msaig.cnf,SAT,65.14,0.00,65.14,0,0
/home/richard/project/SAT_benchmark/1_min_timeout/d40a68825bdbcdd7642b249325a7b6a2-Folkman-180-5383714.sanitized.cnf,SAT,24778.30,965.52,23812.78,18699222,1213966
/home/richard/project/SAT_benchmark/1_min_timeout/d7dbb2cba940af33b2bce37ea99b8110-6s130-opt.cnf,UNSAT,30841.96,843.76,29998.20,11270707,1647271
/home/richard/project/SAT_benchmark/1_min_timeout/dd5fc8da5454a990a0e7999884158c64-1-ET-256-K-70.sanitized.cnf,UNSAT,36301.34,423.95,35877.39,4838573,941942
/home/richard/project/SAT_benchmark/1_min_timeout/ddc0720fa5a91d9cc0dc726644ab9e9f-6s167-opt.cnf,UNSAT,120.99,2.19,118.80,31975,7355
/home/richard/project/SAT_benchmark/1_min_timeout/ded23680dfeab2879c05bc0e4de21126-x9-09014.sat.sanitized.cnf,UNSAT,16262.12,55.56,16206.56,1112003,738471
/home/richard/project/SAT_benchmark/1_min_timeout/e06be7a69dbd6d6866a2799cd40c4bfe-hwmcc20miters-iso-mul7.sanitized.cnf,UNSAT,444.67,0.00,444.67,0,0
/home/richard/project/SAT_benchmark/1_min_timeout/e08f11f0a3bd266ee5c78ce332de107f-x9-10096.sat.sanitized.cnf,UNSAT,52384.08,155.45,52228.63,2916945,1910985
/home/richard/project/SAT_benchmark/1_min_timeout/e0bf26a7527cd162c7d3016d4b2ab9fb-md5_48_1.cnf,SAT,14056.00,475.45,13580.56,8143408,400990
/home/richard/project/SAT_benchmark/1_min_timeout/e2deb375e56da2360ecd08fc1179fb7d-circuit_48in24out_with_100gates_7in7out_dist128_seed1.sanitized.cnf,SAT,34659.45,143.23,34516.22,2459886,2051075
/home/richard/project/SAT_benchmark/1_min_timeout/e371cd7cdde3e7ccb9834290fd4a92d0-32_350.sanitized.cnf,SAT,72480.67,0.00,72480.67,0,0
/home/richard/project/SAT_benchmark/1_min_timeout/e481a97a93fd6b4303f39024d19c2867-j3037_1_gmto_b.cnf,SAT,5308.17,73.09,5235.08,768127,120662
/home/richard/project/SAT_benchmark/1_min_timeout/e6cdc2687fa53506021f05b60ad0c6a2-GracefulGraph-K05-P02_c18.cnf,SAT,11558.63,81.94,11476.69,1294195,387022
/home/richard/project/SAT_benchmark/1_min_timeout/e8abb9c83efdd96a99990f3b914ea873-linked_list_swap_contents_safety_unwind57.cnf,UNSAT,30180.91,118.49,30062.42,444186,10040
/home/richard/project/SAT_benchmark/1_min_timeout/e99e266b422513a2898c13898a1de501-rbsat-v760c43649gyes9.cnf,SAT,56760.34,285.54,56474.80,4841787,2222691
/home/richard/project/SAT_benchmark/1_min_timeout/ecca77b5350eca6a4323edd5b38208c6-004.cnf,SAT,33906.09,1144.47,32761.63,20640013,1167602
/home/richard/project/SAT_benchmark/1_min_timeout/eda4aa84aeeb306468396fa82a6bba5a-pb_300_05_lb_17.cnf,SAT,16857.16,222.03,16635.13,1355740,168115
/home/richard/project/SAT_benchmark/1_min_timeout/edceb8782e72e290fa54757dbfdd0173-x9-09057.sat.sanitized.cnf,UNSAT,14936.36,51.14,14885.22,1031843,676441
/home/richard/project/SAT_benchmark/1_min_timeout/eddd68e14d69cce7190b99f4e7abdafb-x9-10098.sat.sanitized.cnf,SAT,11694.36,44.94,11649.41,876273,502090
/home/richard/project/SAT_benchmark/1_min_timeout/eed5189b73738270ae3fdb8b33bf31c8-Folkman-180-11710376.sanitized.cnf,SAT,25960.95,1007.19,24953.76,18949847,1254690
/home/richard/project/SAT_benchmark/1_min_timeout/ef330d1b144055436a2d576601191ea5-crn_11_99_u.cnf,UNSAT,827.80,14.97,812.83,494218,91778
/home/richard/project/SAT_benchmark/1_min_timeout/f0426369f61595aee97055965ee7e6a3-hwmcc12miters-xits-iso-6s111.sanitized.cnf,UNSAT,680.19,0.00,680.19,0,0
/home/richard/project/SAT_benchmark/1_min_timeout/f054205a7cef98e5021016f864c69816-summle_X11112_steps6_I1-2-2-4-4-8-25-100.cnf,SAT,6261.15,44.66,6216.49,511289,98243
/home/richard/project/SAT_benchmark/1_min_timeout/f296fe701a562022c0de0cf565fbca7d-x9-08014.sat.sanitized.cnf,UNSAT,7529.54,28.43,7501.11,560013,352883
/home/richard/project/SAT_benchmark/1_min_timeout/f376d4c191518ed704326960b6b19a4b-x9-10084.sat.sanitized.cnf,UNSAT,45991.62,139.89,45851.73,2697844,1805920
/home/richard/project/SAT_benchmark/1_min_timeout/f45e5faf1bcccbdd3065dd6367c3bd16-x9-10083.sat.sanitized.cnf,UNSAT,52083.80,148.16,51935.64,2923422,1934938
/home/richard/project/SAT_benchmark/1_min_timeout/f48735588e3515135f039e8bc8efaee5-asconhashv12_opt64_H11_M2-MxJOnbQIXNd_m5_6.c.cnf,SAT,31826.76,14.75,31812.01,88764,27406
/home/richard/project/SAT_benchmark/1_min_timeout/f50eaf02a8041510b64104998cc81d2f-sted5_0x24204-50.cnf,SAT,1742.67,9.42,1733.24,173092,42830
/home/richard/project/SAT_benchmark/1_min_timeout/f54b352934be08821aa75b3424112956-linked_list_swap_contents_safety_unwind54.cnf,UNSAT,26811.74,124.73,26687.02,535106,10008
/home/richard/project/SAT_benchmark/1_min_timeout/f561c52b987bdb9031a477864070b759-Ptn-7824-b18.cnf,SAT,42254.18,187.56,42066.62,3554456,1556088
/home/richard/project/SAT_benchmark/1_min_timeout/f70788e8446c1bc42684316de0a6c164-hwmcc20miters-iso-mul3.sanitized.cnf,UNSAT,428.07,0.00,428.07,0,0
/home/richard/project/SAT_benchmark/1_min_timeout/f8443057c188f6c9cfb711ff3d4aa6ff-constraints_17_0.5_2.sanitized.cnf,UNSAT,31140.38,49.17,31091.21,608371,321384
/home/richard/project/SAT_benchmark/1_min_timeout/f86dad4ba35369eb720a0c9ddc45037a-combined-crypto1-wff-seed-1-wffvars-450-cryptocplx-40-overlap-2.cnf,SAT,2466.32,13.63,2452.68,297406,134295
/home/richard/project/SAT_benchmark/1_min_timeout/fb0e505b8bd19a34f1f80b8e020e7856-constraints_17_0.4_2.sanitized.cnf,UNSAT,20493.38,43.88,20449.50,549377,294680
/home/richard/project/SAT_benchmark/1_min_timeout/fb51311320bb42bdb893249998a77f40-constraints_16_0.3_1.sanitized.cnf,UNSAT,53558.55,188.24,53370.30,2889313,1922606
