文件绝对路径,求解结果(kissat),求解结果(neurobranch),求解总时间(kissat),求解总时间(neurobranch),decision时间(kissat),decision时间(neurobranch),剩余时间(kissat),剩余时间(neurobranch),decision次数(kissat),decision次数(neurobranch),conflict次数(kissat),conflict次数(neurobranch)
/home/richard/project/SAT_benchmark/SATLIB/BMS_k3_n100_m429/BMS_k3_n100_m429_108.cnf,SAT,SAT,11.45,290026.79,0.09,290011.59,11.37,15.20,2683,1517,2180,1243
/home/richard/project/SAT_benchmark/SATLIB/BMS_k3_n100_m429/BMS_k3_n100_m429_117.cnf,SAT,SAT,7.90,250549.05,0.05,250534.66,7.86,14.39,1511,1691,1187,1298
/home/richard/project/SAT_benchmark/SATLIB/BMS_k3_n100_m429/BMS_k3_n100_m429_127.cnf,SAT,SAT,8.33,272315.09,0.05,272299.80,8.28,15.29,1797,1681,1227,1125
/home/richard/project/SAT_benchmark/SATLIB/BMS_k3_n100_m429/BMS_k3_n100_m429_152.cnf,SAT,SAT,12.10,288545.75,0.09,288527.41,12.01,18.34,2570,1747,2176,1485
/home/richard/project/SAT_benchmark/SATLIB/BMS_k3_n100_m429/BMS_k3_n100_m429_164.cnf,SAT,SAT,8.09,230248.27,0.04,230233.77,8.05,14.50,1344,1361,1083,1073
/home/richard/project/SAT_benchmark/SATLIB/BMS_k3_n100_m429/BMS_k3_n100_m429_165.cnf,SAT,SAT,9.33,221026.73,0.07,221013.76,9.26,12.97,1990,1675,1619,1297
/home/richard/project/SAT_benchmark/SATLIB/BMS_k3_n100_m429/BMS_k3_n100_m429_173.cnf,SAT,SAT,9.21,221027.72,0.07,221015.74,9.14,11.98,2088,1672,1384,1007
/home/richard/project/SAT_benchmark/SATLIB/BMS_k3_n100_m429/BMS_k3_n100_m429_190.cnf,SAT,SAT,8.01,274081.99,0.05,274065.96,7.96,16.02,1562,2142,1245,1716
/home/richard/project/SAT_benchmark/SATLIB/BMS_k3_n100_m429/BMS_k3_n100_m429_198.cnf,SAT,SAT,7.92,270458.47,0.04,270443.56,7.87,14.91,1528,1521,1118,1091
/home/richard/project/SAT_benchmark/SATLIB/BMS_k3_n100_m429/BMS_k3_n100_m429_217.cnf,SAT,SAT,11.73,245652.07,0.08,245636.74,11.65,15.33,2502,1503,2035,1216
/home/richard/project/SAT_benchmark/SATLIB/BMS_k3_n100_m429/BMS_k3_n100_m429_255.cnf,SAT,SAT,9.89,234379.06,0.07,234363.54,9.82,15.51,1906,1427,1612,1174
/home/richard/project/SAT_benchmark/SATLIB/BMS_k3_n100_m429/BMS_k3_n100_m429_26.cnf,SAT,SAT,9.72,217662.70,0.06,217649.54,9.66,13.16,1559,1352,1196,1011
/home/richard/project/SAT_benchmark/SATLIB/BMS_k3_n100_m429/BMS_k3_n100_m429_267.cnf,SAT,SAT,7.34,194824.58,0.04,194810.75,7.30,13.83,1314,1752,1072,1458
/home/richard/project/SAT_benchmark/SATLIB/BMS_k3_n100_m429/BMS_k3_n100_m429_272.cnf,SAT,SAT,8.42,181898.27,0.05,181886.78,8.37,11.49,1588,1412,1187,1024
/home/richard/project/SAT_benchmark/SATLIB/BMS_k3_n100_m429/BMS_k3_n100_m429_275.cnf,SAT,SAT,8.47,283658.21,0.05,283642.67,8.42,15.53,1514,1451,1202,1129
/home/richard/project/SAT_benchmark/SATLIB/BMS_k3_n100_m429/BMS_k3_n100_m429_300.cnf,SAT,SAT,10.64,247416.66,0.07,247402.24,10.57,14.42,2164,1281,1873,1093
/home/richard/project/SAT_benchmark/SATLIB/BMS_k3_n100_m429/BMS_k3_n100_m429_304.cnf,SAT,SAT,10.89,192525.55,0.08,192512.62,10.81,12.93,2008,1501,1762,1270
/home/richard/project/SAT_benchmark/SATLIB/BMS_k3_n100_m429/BMS_k3_n100_m429_333.cnf,SAT,SAT,8.00,197747.26,0.04,197733.56,7.96,13.70,1341,1215,1127,1012
/home/richard/project/SAT_benchmark/SATLIB/BMS_k3_n100_m429/BMS_k3_n100_m429_356.cnf,SAT,SAT,10.40,248666.58,0.07,248651.18,10.33,15.40,1997,1529,1626,1196
/home/richard/project/SAT_benchmark/SATLIB/BMS_k3_n100_m429/BMS_k3_n100_m429_361.cnf,SAT,SAT,9.11,268786.14,0.07,268770.77,9.04,15.37,1980,1634,1504,1190
/home/richard/project/SAT_benchmark/SATLIB/BMS_k3_n100_m429/BMS_k3_n100_m429_394.cnf,SAT,SAT,10.53,261502.30,0.07,261487.01,10.46,15.29,2179,1426,1865,1178
/home/richard/project/SAT_benchmark/SATLIB/BMS_k3_n100_m429/BMS_k3_n100_m429_40.cnf,SAT,SAT,10.16,294155.91,0.07,294141.18,10.09,14.72,2131,1290,1777,1050
/home/richard/project/SAT_benchmark/SATLIB/BMS_k3_n100_m429/BMS_k3_n100_m429_413.cnf,SAT,SAT,12.62,165907.15,0.09,165895.50,12.53,11.65,2555,1274,2213,1082
/home/richard/project/SAT_benchmark/SATLIB/BMS_k3_n100_m429/BMS_k3_n100_m429_440.cnf,SAT,SAT,8.79,269476.07,0.05,269460.40,8.73,15.68,1669,1399,1423,1174
/home/richard/project/SAT_benchmark/SATLIB/BMS_k3_n100_m429/BMS_k3_n100_m429_469.cnf,SAT,SAT,8.00,257317.57,0.04,257302.23,7.96,15.33,1298,1544,1131,1334
/home/richard/project/SAT_benchmark/SATLIB/BMS_k3_n100_m429/BMS_k3_n100_m429_470.cnf,SAT,SAT,10.15,198069.61,0.07,198055.01,10.08,14.59,2079,1809,1803,1483
/home/richard/project/SAT_benchmark/SATLIB/BMS_k3_n100_m429/BMS_k3_n100_m429_473.cnf,SAT,SAT,10.43,279510.82,0.08,279495.87,10.35,14.96,1929,1439,1552,1111
/home/richard/project/SAT_benchmark/SATLIB/BMS_k3_n100_m429/BMS_k3_n100_m429_478.cnf,SAT,SAT,8.83,271294.09,0.06,271278.26,8.77,15.83,1749,1594,1411,1254
/home/richard/project/SAT_benchmark/SATLIB/BMS_k3_n100_m429/BMS_k3_n100_m429_481.cnf,SAT,SAT,10.49,260540.93,0.20,260526.05,10.29,14.88,2150,1521,1834,1230
/home/richard/project/SAT_benchmark/SATLIB/BMS_k3_n100_m429/BMS_k3_n100_m429_56.cnf,SAT,SAT,8.22,274750.19,0.05,274734.94,8.17,15.25,1451,1584,1252,1347
/home/richard/project/SAT_benchmark/SATLIB/BMS_k3_n100_m429/BMS_k3_n100_m429_61.cnf,SAT,SAT,10.09,165251.54,0.07,165238.45,10.02,13.09,1970,1502,1580,1174
/home/richard/project/SAT_benchmark/SATLIB/BMS_k3_n100_m429/BMS_k3_n100_m429_76.cnf,SAT,SAT,11.19,201253.03,0.09,201240.67,11.11,12.36,2518,1618,1972,1178
/home/richard/project/SAT_benchmark/SATLIB/CBS_k3_n100_m423_b30/CBS_k3_n100_m423_b30_448.cnf,SAT,SAT,13.12,136492.56,0.05,136476.22,13.07,16.34,1446,1246,1184,1007
/home/richard/project/SAT_benchmark/SATLIB/CBS_k3_n100_m423_b30/CBS_k3_n100_m423_b30_591.cnf,SAT,SAT,12.21,188180.84,0.05,188163.06,12.16,17.77,1555,1718,1211,1321
/home/richard/project/SAT_benchmark/SATLIB/CBS_k3_n100_m423_b30/CBS_k3_n100_m423_b30_669.cnf,SAT,SAT,11.79,170851.63,0.05,170835.02,11.75,16.61,1455,1550,1250,1311
/home/richard/project/SAT_benchmark/SATLIB/CBS_k3_n100_m423_b30/CBS_k3_n100_m423_b30_793.cnf,SAT,SAT,12.37,161010.15,0.05,160992.88,12.32,17.27,1455,1461,1244,1228
/home/richard/project/SAT_benchmark/SATLIB/CBS_k3_n100_m423_b70/CBS_k3_n100_m423_b70_138.cnf,SAT,SAT,13.34,179896.19,0.04,179877.57,13.29,18.62,1399,1630,1182,1374
/home/richard/project/SAT_benchmark/SATLIB/CBS_k3_n100_m423_b70/CBS_k3_n100_m423_b70_154.cnf,SAT,SAT,12.75,160954.80,0.05,160938.18,12.70,16.62,1485,1451,1252,1208
/home/richard/project/SAT_benchmark/SATLIB/CBS_k3_n100_m423_b70/CBS_k3_n100_m423_b70_317.cnf,SAT,SAT,12.35,140202.42,0.03,140185.58,12.32,16.83,1150,1275,1018,1104
/home/richard/project/SAT_benchmark/SATLIB/CBS_k3_n100_m423_b70/CBS_k3_n100_m423_b70_423.cnf,SAT,SAT,12.56,165978.04,0.05,165960.43,12.51,17.61,1479,1504,1170,1181
/home/richard/project/SAT_benchmark/SATLIB/CBS_k3_n100_m423_b70/CBS_k3_n100_m423_b70_437.cnf,SAT,SAT,12.38,182165.09,0.04,182146.74,12.35,18.35,1221,1655,1001,1326
/home/richard/project/SAT_benchmark/SATLIB/CBS_k3_n100_m423_b70/CBS_k3_n100_m423_b70_461.cnf,SAT,SAT,12.82,139402.42,0.05,139386.78,12.77,15.65,1458,1262,1184,1012
/home/richard/project/SAT_benchmark/SATLIB/CBS_k3_n100_m423_b70/CBS_k3_n100_m423_b70_522.cnf,SAT,SAT,12.37,152760.75,0.05,152744.75,12.32,16.00,1582,1386,1364,1169
/home/richard/project/SAT_benchmark/SATLIB/CBS_k3_n100_m423_b70/CBS_k3_n100_m423_b70_540.cnf,SAT,SAT,12.49,146996.47,0.04,146980.54,12.45,15.93,1335,1323,1069,1046
/home/richard/project/SAT_benchmark/SATLIB/CBS_k3_n100_m423_b70/CBS_k3_n100_m423_b70_584.cnf,SAT,SAT,12.97,166730.82,0.04,166712.63,12.93,18.19,1383,1514,1152,1268
/home/richard/project/SAT_benchmark/SATLIB/CBS_k3_n100_m423_b70/CBS_k3_n100_m423_b70_624.cnf,SAT,SAT,11.16,134687.02,0.04,134672.72,11.12,14.30,1250,1225,1070,1040
/home/richard/project/SAT_benchmark/SATLIB/CBS_k3_n100_m423_b70/CBS_k3_n100_m423_b70_653.cnf,SAT,SAT,15.61,134904.80,0.04,134886.48,15.56,18.32,1196,1224,1049,1068
/home/richard/project/SAT_benchmark/SATLIB/CBS_k3_n100_m423_b70/CBS_k3_n100_m423_b70_662.cnf,SAT,SAT,12.06,225596.67,0.06,225579.54,12.00,17.13,2157,2045,1318,1206
/home/richard/project/SAT_benchmark/SATLIB/CBS_k3_n100_m423_b70/CBS_k3_n100_m423_b70_745.cnf,SAT,SAT,11.87,169092.84,0.04,169076.53,11.83,16.30,1448,1522,1069,1109
/home/richard/project/SAT_benchmark/SATLIB/CBS_k3_n100_m423_b70/CBS_k3_n100_m423_b70_76.cnf,SAT,SAT,14.15,150143.00,0.04,150124.90,14.11,18.09,1205,1360,1018,1168
/home/richard/project/SAT_benchmark/SATLIB/CBS_k3_n100_m423_b70/CBS_k3_n100_m423_b70_791.cnf,SAT,SAT,12.74,160381.99,0.05,160364.95,12.69,17.04,1511,1456,1331,1250
/home/richard/project/SAT_benchmark/SATLIB/CBS_k3_n100_m423_b70/CBS_k3_n100_m423_b70_833.cnf,SAT,SAT,12.22,149021.92,0.04,149005.94,12.18,15.98,1300,1340,1025,1028
/home/richard/project/SAT_benchmark/SATLIB/CBS_k3_n100_m423_b70/CBS_k3_n100_m423_b70_857.cnf,SAT,SAT,12.30,152551.48,0.04,152535.28,12.26,16.20,1310,1385,1080,1138
/home/richard/project/SAT_benchmark/SATLIB/CBS_k3_n100_m423_b70/CBS_k3_n100_m423_b70_921.cnf,SAT,SAT,13.43,187159.85,0.06,187141.41,13.37,18.44,1792,1697,1547,1401
/home/richard/project/SAT_benchmark/SATLIB/CBS_k3_n100_m423_b70/CBS_k3_n100_m423_b70_935.cnf,SAT,SAT,11.69,160821.61,0.05,160805.92,11.64,15.69,1527,1453,1195,1112
/home/richard/project/SAT_benchmark/SATLIB/CBS_k3_n100_m435_b50/CBS_k3_n100_m435_b50_302.cnf,SAT,SAT,14.16,206549.12,0.05,206530.32,14.10,18.79,1955,1885,1156,1080
/home/richard/project/SAT_benchmark/SATLIB/CBS_k3_n100_m435_b50/CBS_k3_n100_m435_b50_310.cnf,SAT,SAT,13.05,164356.82,0.06,164340.62,12.99,16.20,1903,1505,1431,1074
/home/richard/project/SAT_benchmark/SATLIB/CBS_k3_n100_m435_b50/CBS_k3_n100_m435_b50_528.cnf,SAT,SAT,12.34,141517.72,0.04,141501.82,12.29,15.90,1331,1290,1070,1028
/home/richard/project/SAT_benchmark/SATLIB/CBS_k3_n100_m435_b50/CBS_k3_n100_m435_b50_558.cnf,SAT,SAT,14.45,244635.74,0.05,244613.68,14.40,22.07,1770,2251,1100,1461
/home/richard/project/SAT_benchmark/SATLIB/CBS_k3_n100_m435_b50/CBS_k3_n100_m435_b50_794.cnf,SAT,SAT,11.97,160061.63,0.04,160045.03,11.93,16.60,1344,1469,1013,1110
/home/richard/project/SAT_benchmark/SATLIB/CBS_k3_n100_m435_b70/CBS_k3_n100_m435_b70_442.cnf,SAT,SAT,11.96,173221.74,0.04,173204.97,11.92,16.78,1508,1586,1027,1075
/home/richard/project/SAT_benchmark/SATLIB/CBS_k3_n100_m435_b70/CBS_k3_n100_m435_b70_497.cnf,SAT,SAT,11.44,165540.50,0.04,165524.50,11.40,16.00,1398,1518,1068,1138
/home/richard/project/SAT_benchmark/SATLIB/CBS_k3_n100_m435_b70/CBS_k3_n100_m435_b70_991.cnf,SAT,SAT,13.40,172554.17,0.04,172535.05,13.36,19.12,1343,1579,1143,1332
/home/richard/project/SAT_benchmark/SATLIB/CBS_k3_n100_m435_b90/CBS_k3_n100_m435_b90_145.cnf,SAT,SAT,13.32,156243.27,0.05,156226.05,13.27,17.22,1510,1415,1145,1057
/home/richard/project/SAT_benchmark/SATLIB/CBS_k3_n100_m435_b90/CBS_k3_n100_m435_b90_147.cnf,SAT,SAT,13.56,165635.93,0.06,165618.50,13.49,17.44,1835,1480,1477,1152
/home/richard/project/SAT_benchmark/SATLIB/CBS_k3_n100_m435_b90/CBS_k3_n100_m435_b90_245.cnf,SAT,SAT,18.23,210720.42,0.09,210700.70,18.14,19.72,3043,1924,2250,1295
/home/richard/project/SAT_benchmark/SATLIB/CBS_k3_n100_m435_b90/CBS_k3_n100_m435_b90_320.cnf,SAT,SAT,16.28,172130.16,0.06,172110.80,16.22,19.36,1444,1433,1251,1212
/home/richard/project/SAT_benchmark/SATLIB/CBS_k3_n100_m435_b90/CBS_k3_n100_m435_b90_359.cnf,SAT,SAT,16.22,157131.00,0.04,157110.52,16.18,20.48,1256,1436,1021,1180
/home/richard/project/SAT_benchmark/SATLIB/CBS_k3_n100_m435_b90/CBS_k3_n100_m435_b90_407.cnf,SAT,SAT,13.25,139431.60,0.04,139414.25,13.21,17.35,1238,1277,1022,1060
/home/richard/project/SAT_benchmark/SATLIB/CBS_k3_n100_m435_b90/CBS_k3_n100_m435_b90_532.cnf,SAT,SAT,14.14,175381.04,0.05,175361.87,14.08,19.17,1608,1606,1348,1338
/home/richard/project/SAT_benchmark/SATLIB/CBS_k3_n100_m435_b90/CBS_k3_n100_m435_b90_560.cnf,SAT,SAT,13.66,163552.86,0.04,163534.98,13.62,17.88,1391,1498,1070,1158
/home/richard/project/SAT_benchmark/SATLIB/CBS_k3_n100_m435_b90/CBS_k3_n100_m435_b90_613.cnf,SAT,SAT,12.80,152075.15,0.05,152059.03,12.76,16.12,1536,1284,1256,1025
/home/richard/project/SAT_benchmark/SATLIB/CBS_k3_n100_m435_b90/CBS_k3_n100_m435_b90_699.cnf,SAT,SAT,12.90,217489.42,0.04,217467.97,12.87,21.46,1294,1998,1034,1587
/home/richard/project/SAT_benchmark/SATLIB/CBS_k3_n100_m435_b90/CBS_k3_n100_m435_b90_709.cnf,SAT,SAT,14.32,137976.71,0.04,137958.55,14.28,18.16,1269,1255,1058,1046
/home/richard/project/SAT_benchmark/SATLIB/CBS_k3_n100_m435_b90/CBS_k3_n100_m435_b90_721.cnf,SAT,SAT,19.27,214525.11,0.05,214500.04,19.22,25.07,1757,1929,1198,1309
/home/richard/project/SAT_benchmark/SATLIB/CBS_k3_n100_m435_b90/CBS_k3_n100_m435_b90_735.cnf,SAT,SAT,12.78,219241.75,0.05,219222.89,12.73,18.86,1890,2005,1176,1267
/home/richard/project/SAT_benchmark/SATLIB/CBS_k3_n100_m435_b90/CBS_k3_n100_m435_b90_748.cnf,SAT,SAT,13.57,149759.26,0.05,149741.87,13.52,17.39,1457,1364,1148,1069
/home/richard/project/SAT_benchmark/SATLIB/CBS_k3_n100_m435_b90/CBS_k3_n100_m435_b90_759.cnf,SAT,SAT,12.74,140258.85,0.04,140241.92,12.70,16.93,1243,1289,1100,1124
/home/richard/project/SAT_benchmark/SATLIB/CBS_k3_n100_m435_b90/CBS_k3_n100_m435_b90_786.cnf,SAT,SAT,16.26,149403.84,0.04,149383.66,16.22,20.18,1373,1348,1159,1143
/home/richard/project/SAT_benchmark/SATLIB/CBS_k3_n100_m435_b90/CBS_k3_n100_m435_b90_808.cnf,SAT,SAT,14.61,148065.20,0.04,148045.91,14.58,19.29,1275,1344,1048,1092
/home/richard/project/SAT_benchmark/SATLIB/CBS_k3_n100_m435_b90/CBS_k3_n100_m435_b90_821.cnf,SAT,SAT,16.69,195703.44,0.07,195683.12,16.62,20.32,1703,1789,1284,1343
/home/richard/project/SAT_benchmark/SATLIB/CBS_k3_n100_m435_b90/CBS_k3_n100_m435_b90_874.cnf,SAT,SAT,14.29,205164.11,0.18,205144.62,14.11,19.49,1879,1867,1255,1252
/home/richard/project/SAT_benchmark/SATLIB/CBS_k3_n100_m435_b90/CBS_k3_n100_m435_b90_923.cnf,SAT,SAT,12.01,261406.65,0.06,261387.72,11.95,18.93,2172,2273,1161,1201
/home/richard/project/SAT_benchmark/SATLIB/CBS_k3_n100_m435_b90/CBS_k3_n100_m435_b90_936.cnf,SAT,SAT,12.70,180440.31,0.04,180422.62,12.65,17.68,1456,1646,1197,1321
/home/richard/project/SAT_benchmark/SATLIB/CBS_k3_n100_m435_b90/CBS_k3_n100_m435_b90_994.cnf,SAT,SAT,13.91,264461.48,0.06,264436.46,13.85,25.02,1715,2376,1441,2036
/home/richard/project/SAT_benchmark/SATLIB/CBS_k3_n100_m441_b50/CBS_k3_n100_m441_b50_49.cnf,SAT,SAT,17.76,170060.13,0.05,170040.87,17.72,19.26,1509,1549,1134,1161
/home/richard/project/SAT_benchmark/SATLIB/CBS_k3_n100_m441_b50/CBS_k3_n100_m441_b50_64.cnf,SAT,SAT,13.04,199617.84,0.05,199597.41,12.99,20.43,1427,1811,1206,1510
/home/richard/project/SAT_benchmark/SATLIB/CBS_k3_n100_m449_b70/CBS_k3_n100_m449_b70_397.cnf,SAT,SAT,14.25,210731.23,0.05,210710.84,14.20,20.38,1676,1918,1176,1374
/home/richard/project/SAT_benchmark/SATLIB/CBS_k3_n100_m449_b70/CBS_k3_n100_m449_b70_46.cnf,SAT,SAT,19.80,150251.42,0.07,150229.26,19.73,22.16,1730,1375,1470,1154
/home/richard/project/SAT_benchmark/SATLIB/CBS_k3_n100_m449_b70/CBS_k3_n100_m449_b70_501.cnf,SAT,SAT,16.20,185486.82,0.06,185465.22,16.14,21.60,1779,1694,1540,1436
/home/richard/project/SAT_benchmark/SATLIB/CBS_k3_n100_m449_b70/CBS_k3_n100_m449_b70_516.cnf,SAT,SAT,14.70,135655.34,0.04,135637.18,14.66,18.16,1245,1234,1081,1050
/home/richard/project/SAT_benchmark/SATLIB/CBS_k3_n100_m449_b70/CBS_k3_n100_m449_b70_631.cnf,SAT,SAT,12.22,173876.71,0.04,173859.94,12.17,16.77,1550,1580,1060,1049
/home/richard/project/SAT_benchmark/SATLIB/CBS_k3_n100_m449_b70/CBS_k3_n100_m449_b70_667.cnf,SAT,SAT,13.97,148892.99,0.05,148875.78,13.92,17.20,1495,1350,1281,1118
/home/richard/project/SAT_benchmark/SATLIB/CBS_k3_n100_m449_b70/CBS_k3_n100_m449_b70_740.cnf,SAT,SAT,18.07,154875.54,0.04,154853.41,18.03,22.13,1443,1419,1075,1046
/home/richard/project/SAT_benchmark/SATLIB/CBS_k3_n100_m449_b70/CBS_k3_n100_m449_b70_856.cnf,SAT,SAT,15.22,148005.67,0.04,147987.00,15.18,18.67,1267,1347,1086,1133
/home/richard/project/SAT_benchmark/SATLIB/CBS_k3_n100_m449_b90/CBS_k3_n100_m449_b90_15.cnf,SAT,SAT,18.59,141943.80,0.04,141921.81,18.55,21.99,1302,1290,1065,1064
/home/richard/project/SAT_benchmark/SATLIB/CBS_k3_n100_m449_b90/CBS_k3_n100_m449_b90_399.cnf,SAT,SAT,18.47,134124.22,0.04,134102.21,18.42,22.01,1351,1229,1189,1065
/home/richard/project/SAT_benchmark/SATLIB/CBS_k3_n100_m449_b90/CBS_k3_n100_m449_b90_471.cnf,SAT,SAT,16.46,254789.43,0.04,254762.63,16.41,26.79,1327,2215,1136,1819
/home/richard/project/SAT_benchmark/SATLIB/CBS_k3_n100_m449_b90/CBS_k3_n100_m449_b90_519.cnf,SAT,SAT,14.60,150669.71,0.04,150650.85,14.56,18.85,1358,1288,1199,1102
/home/richard/project/SAT_benchmark/SATLIB/CBS_k3_n100_m449_b90/CBS_k3_n100_m449_b90_53.cnf,SAT,SAT,15.84,153133.00,0.04,153112.84,15.80,20.16,1331,1396,1154,1187
/home/richard/project/SAT_benchmark/SATLIB/CBS_k3_n100_m449_b90/CBS_k3_n100_m449_b90_671.cnf,SAT,SAT,16.67,222722.10,0.07,222700.00,16.59,22.10,2081,1957,1695,1516
/home/richard/project/SAT_benchmark/SATLIB/CBS_k3_n100_m449_b90/CBS_k3_n100_m449_b90_729.cnf,SAT,SAT,16.54,134958.16,0.04,134937.47,16.50,20.70,1222,1232,1005,1009
/home/richard/project/SAT_benchmark/SATLIB/CBS_k3_n100_m449_b90/CBS_k3_n100_m449_b90_77.cnf,SAT,SAT,17.72,140773.45,0.04,140751.52,17.69,21.93,1219,1288,1033,1081
/home/richard/project/SAT_benchmark/SATLIB/CBS_k3_n100_m449_b90/CBS_k3_n100_m449_b90_811.cnf,SAT,SAT,18.62,154828.29,0.04,154805.30,18.58,22.99,1311,1415,1138,1202
/home/richard/project/SAT_benchmark/SATLIB/CBS_k3_n100_m449_b90/CBS_k3_n100_m449_b90_832.cnf,SAT,SAT,19.85,201181.47,0.07,201157.10,19.78,24.37,1983,1830,1395,1235
/home/richard/project/SAT_benchmark/SATLIB/CBS_k3_n100_m449_b90/CBS_k3_n100_m449_b90_887.cnf,SAT,SAT,15.07,205133.98,0.05,205111.92,15.02,22.06,1571,1790,1106,1286
/home/richard/project/SAT_benchmark/SATLIB/RTI_k3_n100_m429/RTI_k3_n100_m429_100.cnf,SAT,SAT,12.14,174885.11,0.04,174867.51,12.10,17.60,1289,1592,1019,1274
/home/richard/project/SAT_benchmark/SATLIB/RTI_k3_n100_m429/RTI_k3_n100_m429_118.cnf,SAT,SAT,13.91,183329.80,0.04,183310.74,13.87,19.07,1331,1678,1113,1379
/home/richard/project/SAT_benchmark/SATLIB/RTI_k3_n100_m429/RTI_k3_n100_m429_189.cnf,SAT,SAT,12.40,167462.78,0.05,167445.91,12.35,16.86,1607,1521,1193,1097
/home/richard/project/SAT_benchmark/SATLIB/RTI_k3_n100_m429/RTI_k3_n100_m429_239.cnf,SAT,SAT,12.22,170053.24,0.04,170036.06,12.19,17.18,1371,1554,1042,1196
/home/richard/project/SAT_benchmark/SATLIB/RTI_k3_n100_m429/RTI_k3_n100_m429_263.cnf,SAT,SAT,13.34,152392.91,0.05,152375.79,13.29,17.12,1637,1397,1309,1080
/home/richard/project/SAT_benchmark/SATLIB/RTI_k3_n100_m429/RTI_k3_n100_m429_327.cnf,SAT,SAT,13.14,173137.95,0.06,173120.73,13.09,17.23,1714,1587,1405,1228
/home/richard/project/SAT_benchmark/SATLIB/RTI_k3_n100_m429/RTI_k3_n100_m429_478.cnf,SAT,SAT,13.33,181704.86,0.04,181685.59,13.29,19.27,1339,1662,1134,1363
/home/richard/project/SAT_benchmark/SATLIB/RTI_k3_n100_m429/RTI_k3_n100_m429_71.cnf,SAT,SAT,14.72,210682.39,0.05,210660.62,14.68,21.77,1397,1923,1223,1607
