/home/richard/project/SAT_benchmark/SATLIB/Bejing/3blocks.cnf,TIMEOUT
/home/richard/project/SAT_benchmark/SATLIB/Bejing/2bitadd_10.cnf,TIMEOUT
/home/richard/project/SAT_benchmark/SATLIB/Bejing/3bitadd_31.cnf,TIMEOUT
/home/richard/project/SAT_benchmark/SATLIB/Bejing/4blocks.cnf,CRASH(signal=6)
/home/richard/project/SAT_benchmark/SATLIB/Bejing/e0ddr2-10-by-5-1.cnf,CRASH(signal=9)
/home/richard/project/SAT_benchmark/SATLIB/Bejing/3bitadd_32.cnf,CRASH(signal=6)
/home/richard/project/SAT_benchmark/SATLIB/Bejing/ewddr2-10-by-5-8.cnf,CRASH(signal=9)
/home/richard/project/SAT_benchmark/SATLIB/QG/qg7-13.cnf,CRASH(signal=6)
/home/richard/project/SAT_benchmark/SATLIB/QG/qg2-08.cnf,CRASH(signal=6)
/home/richard/project/SAT_benchmark/SATLIB/QG/qg3-09.cnf,CRASH(signal=6)
/home/richard/project/SAT_benchmark/SATLIB/QG/qg7-12.cnf,CRASH(signal=6)
/home/richard/project/SAT_benchmark/SATLIB/QG/qg5-13.cnf,CRASH(signal=6)
/home/richard/project/SAT_benchmark/SATLIB/QG/qg6-12.cnf,CRASH(signal=6)
/home/richard/project/SAT_benchmark/SATLIB/blocksworld/bw_large.c.cnf,CRASH(signal=6)
/home/richard/project/SAT_benchmark/SATLIB/blocksworld/bw_large.d.cnf,CRASH(signal=11)
/home/richard/project/SAT_benchmark/SATLIB/bmc/bmc-ibm-13.cnf,CRASH(signal=11)
/home/richard/project/SAT_benchmark/SATLIB/bmc/bmc-ibm-11.cnf,CRASH(signal=11)
/home/richard/project/SAT_benchmark/SATLIB/bmc/bmc-ibm-3.cnf,CRASH(signal=9)
/home/richard/project/SAT_benchmark/SATLIB/bmc/bmc-ibm-12.cnf,CRASH(signal=11)
/home/richard/project/SAT_benchmark/SATLIB/bmc/bmc-ibm-10.cnf,CRASH(signal=11)
/home/richard/project/SAT_benchmark/SATLIB/bmc/bmc-ibm-4.cnf,CRASH(signal=9)
/home/richard/project/SAT_benchmark/SATLIB/bmc/bmc-galileo-9.cnf,CRASH(signal=11)
/home/richard/project/SAT_benchmark/SATLIB/bmc/bmc-ibm-6.cnf,CRASH(signal=11)
/home/richard/project/SAT_benchmark/SATLIB/dubois/dubois100.cnf,ERROR(exit=1)
/home/richard/project/SAT_benchmark/SATLIB/f/f600.cnf,CRASH(signal=6)
/home/richard/project/SAT_benchmark/SATLIB/f/f1000.cnf,CRASH(signal=6)
/home/richard/project/SAT_benchmark/SATLIB/f/f2000.cnf,CRASH(signal=6)
/home/richard/project/SAT_benchmark/SATLIB/flat200-479/ai/hoos/Research/SAT/GenGCP/Flat200-479/flat200-26.cnf,TIMEOUT
/home/richard/project/SAT_benchmark/SATLIB/gcp-large/g250.29.cnf,CRASH(signal=11)
/home/richard/project/SAT_benchmark/SATLIB/gcp-large/g125.17.cnf,CRASH(signal=6)
/home/richard/project/SAT_benchmark/SATLIB/gcp-large/g250.15.cnf,CRASH(signal=11)
/home/richard/project/SAT_benchmark/SATLIB/gcp-large/g125.18.cnf,CRASH(signal=6)
/home/richard/project/SAT_benchmark/SATLIB/hanoi/hanoi5.cnf,CRASH(signal=6)
/home/richard/project/SAT_benchmark/SATLIB/inductive-inference/ii32d2.cnf,CRASH(signal=6)
/home/richard/project/SAT_benchmark/SATLIB/inductive-inference/ii32a1.cnf,CRASH(signal=6)
/home/richard/project/SAT_benchmark/SATLIB/inductive-inference/ii16b1.cnf,CRASH(signal=6)
/home/richard/project/SAT_benchmark/SATLIB/inductive-inference/ii32b2.cnf,CRASH(signal=6)
/home/richard/project/SAT_benchmark/SATLIB/inductive-inference/ii32c3.cnf,CRASH(signal=6)
/home/richard/project/SAT_benchmark/SATLIB/inductive-inference/ii32d3.cnf,CRASH(signal=6)
/home/richard/project/SAT_benchmark/SATLIB/inductive-inference/ii32b4.cnf,CRASH(signal=6)
/home/richard/project/SAT_benchmark/SATLIB/inductive-inference/ii32c4.cnf,CRASH(signal=6)
/home/richard/project/SAT_benchmark/SATLIB/parity/par32-2-c.cnf,CRASH(signal=6)
/home/richard/project/SAT_benchmark/SATLIB/parity/par32-1.cnf,CRASH(signal=6)
/home/richard/project/SAT_benchmark/SATLIB/parity/par16-1.cnf,TIMEOUT
/home/richard/project/SAT_benchmark/SATLIB/parity/par32-2.cnf,CRASH(signal=6)
/home/richard/project/SAT_benchmark/SATLIB/parity/par32-1-c.cnf,CRASH(signal=6)
/home/richard/project/SAT_benchmark/SATLIB/parity/par32-3.cnf,CRASH(signal=6)
/home/richard/project/SAT_benchmark/SATLIB/parity/par32-5.cnf,CRASH(signal=6)
/home/richard/project/SAT_benchmark/SATLIB/parity/par32-5-c.cnf,CRASH(signal=6)
/home/richard/project/SAT_benchmark/SATLIB/parity/par32-4.cnf,CRASH(signal=6)
/home/richard/project/SAT_benchmark/SATLIB/parity/par32-3-c.cnf,CRASH(signal=6)
/home/richard/project/SAT_benchmark/SATLIB/pigeon-hole/hole9.cnf,TIMEOUT
/home/richard/project/SAT_benchmark/SATLIB/pigeon-hole/hole8.cnf,TIMEOUT
/home/richard/project/SAT_benchmark/SATLIB/pigeon-hole/hole10.cnf,TIMEOUT
/home/richard/project/SAT_benchmark/SATLIB/pret/pret150_60.cnf,ERROR(exit=1)
/home/richard/project/SAT_benchmark/SATLIB/pret/pret60_60.cnf,ERROR(exit=1)
/home/richard/project/SAT_benchmark/SATLIB/pret/pret150_75.cnf,ERROR(exit=1)
/home/richard/project/SAT_benchmark/SATLIB/pret/pret150_25.cnf,ERROR(exit=1)
/home/richard/project/SAT_benchmark/SATLIB/pret/pret60_25.cnf,ERROR(exit=1)
/home/richard/project/SAT_benchmark/SATLIB/pret/pret60_40.cnf,ERROR(exit=1)
/home/richard/project/SAT_benchmark/SATLIB/pret/pret150_40.cnf,ERROR(exit=1)
/home/richard/project/SAT_benchmark/SATLIB/pret/pret60_75.cnf,ERROR(exit=1)
/home/richard/project/SAT_benchmark/SATLIB/sw100-8-lp6-c5/SW100-8-6/sw100-25.cnf,CRASH(signal=6)
/home/richard/project/SAT_benchmark/SATLIB/BMS_k3_n100_m429/BMS_k3_n100_m429_267.cnf,TIMEOUT
/home/richard/project/SAT_benchmark/SATLIB/BMS_k3_n100_m429/BMS_k3_n100_m429_470.cnf,TIMEOUT
/home/richard/project/SAT_benchmark/SATLIB/BMS_k3_n100_m429/BMS_k3_n100_m429_76.cnf,TIMEOUT
/home/richard/project/SAT_benchmark/SATLIB/BMS_k3_n100_m429/BMS_k3_n100_m429_117.cnf,TIMEOUT
/home/richard/project/SAT_benchmark/SATLIB/BMS_k3_n100_m429/BMS_k3_n100_m429_304.cnf,TIMEOUT
/home/richard/project/SAT_benchmark/SATLIB/BMS_k3_n100_m429/BMS_k3_n100_m429_272.cnf,TIMEOUT
/home/richard/project/SAT_benchmark/SATLIB/BMS_k3_n100_m429/BMS_k3_n100_m429_413.cnf,TIMEOUT
/home/richard/project/SAT_benchmark/SATLIB/BMS_k3_n100_m429/BMS_k3_n100_m429_165.cnf,TIMEOUT
/home/richard/project/SAT_benchmark/SATLIB/BMS_k3_n100_m429/BMS_k3_n100_m429_173.cnf,TIMEOUT
/home/richard/project/SAT_benchmark/SATLIB/BMS_k3_n100_m429/BMS_k3_n100_m429_127.cnf,TIMEOUT
/home/richard/project/SAT_benchmark/SATLIB/BMS_k3_n100_m429/BMS_k3_n100_m429_478.cnf,TIMEOUT
/home/richard/project/SAT_benchmark/SATLIB/BMS_k3_n100_m429/BMS_k3_n100_m429_56.cnf,TIMEOUT
/home/richard/project/SAT_benchmark/SATLIB/BMS_k3_n100_m429/BMS_k3_n100_m429_255.cnf,TIMEOUT
/home/richard/project/SAT_benchmark/SATLIB/BMS_k3_n100_m429/BMS_k3_n100_m429_217.cnf,TIMEOUT
/home/richard/project/SAT_benchmark/SATLIB/BMS_k3_n100_m429/BMS_k3_n100_m429_361.cnf,TIMEOUT
/home/richard/project/SAT_benchmark/SATLIB/BMS_k3_n100_m429/BMS_k3_n100_m429_152.cnf,TIMEOUT
/home/richard/project/SAT_benchmark/SATLIB/BMS_k3_n100_m429/BMS_k3_n100_m429_481.cnf,TIMEOUT
/home/richard/project/SAT_benchmark/SATLIB/BMS_k3_n100_m429/BMS_k3_n100_m429_275.cnf,TIMEOUT
/home/richard/project/SAT_benchmark/SATLIB/BMS_k3_n100_m429/BMS_k3_n100_m429_473.cnf,TIMEOUT
/home/richard/project/SAT_benchmark/SATLIB/CBS_k3_n100_m403_b30/CBS_k3_n100_m403_b30_2.cnf,TIMEOUT
/home/richard/project/SAT_benchmark/SATLIB/CBS_k3_n100_m403_b50/CBS_k3_n100_m403_b50_797.cnf,TIMEOUT
/home/richard/project/SAT_benchmark/SATLIB/CBS_k3_n100_m403_b50/CBS_k3_n100_m403_b50_181.cnf,TIMEOUT
/home/richard/project/SAT_benchmark/SATLIB/CBS_k3_n100_m403_b50/CBS_k3_n100_m403_b50_675.cnf,TIMEOUT
/home/richard/project/SAT_benchmark/SATLIB/CBS_k3_n100_m403_b50/CBS_k3_n100_m403_b50_216.cnf,TIMEOUT
/home/richard/project/SAT_benchmark/SATLIB/CBS_k3_n100_m403_b50/CBS_k3_n100_m403_b50_42.cnf,TIMEOUT
/home/richard/project/SAT_benchmark/SATLIB/CBS_k3_n100_m403_b50/CBS_k3_n100_m403_b50_743.cnf,TIMEOUT
/home/richard/project/SAT_benchmark/SATLIB/CBS_k3_n100_m403_b50/CBS_k3_n100_m403_b50_441.cnf,TIMEOUT
/home/richard/project/SAT_benchmark/SATLIB/CBS_k3_n100_m403_b50/CBS_k3_n100_m403_b50_694.cnf,TIMEOUT
/home/richard/project/SAT_benchmark/SATLIB/CBS_k3_n100_m403_b50/CBS_k3_n100_m403_b50_527.cnf,TIMEOUT
/home/richard/project/SAT_benchmark/SATLIB/CBS_k3_n100_m403_b50/CBS_k3_n100_m403_b50_862.cnf,TIMEOUT
/home/richard/project/SAT_benchmark/SATLIB/CBS_k3_n100_m403_b50/CBS_k3_n100_m403_b50_642.cnf,TIMEOUT
/home/richard/project/SAT_benchmark/SATLIB/CBS_k3_n100_m403_b50/CBS_k3_n100_m403_b50_813.cnf,TIMEOUT
/home/richard/project/SAT_benchmark/SATLIB/CBS_k3_n100_m403_b50/CBS_k3_n100_m403_b50_783.cnf,TIMEOUT
/home/richard/project/SAT_benchmark/SATLIB/CBS_k3_n100_m403_b50/CBS_k3_n100_m403_b50_962.cnf,TIMEOUT
/home/richard/project/SAT_benchmark/SATLIB/CBS_k3_n100_m403_b50/CBS_k3_n100_m403_b50_132.cnf,TIMEOUT
/home/richard/project/SAT_benchmark/SATLIB/CBS_k3_n100_m403_b70/CBS_k3_n100_m403_b70_116.cnf,TIMEOUT
/home/richard/project/SAT_benchmark/SATLIB/CBS_k3_n100_m403_b70/CBS_k3_n100_m403_b70_488.cnf,TIMEOUT
/home/richard/project/SAT_benchmark/SATLIB/CBS_k3_n100_m403_b70/CBS_k3_n100_m403_b70_14.cnf,TIMEOUT
/home/richard/project/SAT_benchmark/SATLIB/CBS_k3_n100_m403_b70/CBS_k3_n100_m403_b70_385.cnf,TIMEOUT
/home/richard/project/SAT_benchmark/SATLIB/CBS_k3_n100_m403_b70/CBS_k3_n100_m403_b70_76.cnf,TIMEOUT
/home/richard/project/SAT_benchmark/SATLIB/CBS_k3_n100_m403_b70/CBS_k3_n100_m403_b70_587.cnf,TIMEOUT
/home/richard/project/SAT_benchmark/SATLIB/CBS_k3_n100_m403_b70/CBS_k3_n100_m403_b70_898.cnf,TIMEOUT
/home/richard/project/SAT_benchmark/SATLIB/CBS_k3_n100_m403_b70/CBS_k3_n100_m403_b70_26.cnf,TIMEOUT
/home/richard/project/SAT_benchmark/SATLIB/CBS_k3_n100_m403_b70/CBS_k3_n100_m403_b70_594.cnf,TIMEOUT
/home/richard/project/SAT_benchmark/SATLIB/CBS_k3_n100_m403_b70/CBS_k3_n100_m403_b70_654.cnf,TIMEOUT
/home/richard/project/SAT_benchmark/SATLIB/CBS_k3_n100_m403_b70/CBS_k3_n100_m403_b70_553.cnf,TIMEOUT
/home/richard/project/SAT_benchmark/SATLIB/CBS_k3_n100_m403_b70/CBS_k3_n100_m403_b70_247.cnf,TIMEOUT
/home/richard/project/SAT_benchmark/SATLIB/CBS_k3_n100_m403_b90/CBS_k3_n100_m403_b90_94.cnf,TIMEOUT
/home/richard/project/SAT_benchmark/SATLIB/CBS_k3_n100_m403_b90/CBS_k3_n100_m403_b90_865.cnf,TIMEOUT
/home/richard/project/SAT_benchmark/SATLIB/CBS_k3_n100_m403_b90/CBS_k3_n100_m403_b90_334.cnf,TIMEOUT
/home/richard/project/SAT_benchmark/SATLIB/CBS_k3_n100_m403_b90/CBS_k3_n100_m403_b90_268.cnf,TIMEOUT
/home/richard/project/SAT_benchmark/SATLIB/CBS_k3_n100_m403_b90/CBS_k3_n100_m403_b90_988.cnf,TIMEOUT
/home/richard/project/SAT_benchmark/SATLIB/CBS_k3_n100_m403_b90/CBS_k3_n100_m403_b90_252.cnf,TIMEOUT
/home/richard/project/SAT_benchmark/SATLIB/CBS_k3_n100_m403_b90/CBS_k3_n100_m403_b90_432.cnf,TIMEOUT
/home/richard/project/SAT_benchmark/SATLIB/CBS_k3_n100_m403_b90/CBS_k3_n100_m403_b90_704.cnf,TIMEOUT
/home/richard/project/SAT_benchmark/SATLIB/CBS_k3_n100_m403_b90/CBS_k3_n100_m403_b90_378.cnf,TIMEOUT
/home/richard/project/SAT_benchmark/SATLIB/CBS_k3_n100_m403_b90/CBS_k3_n100_m403_b90_851.cnf,TIMEOUT
/home/richard/project/SAT_benchmark/SATLIB/CBS_k3_n100_m403_b90/CBS_k3_n100_m403_b90_747.cnf,TIMEOUT
/home/richard/project/SAT_benchmark/SATLIB/CBS_k3_n100_m403_b90/CBS_k3_n100_m403_b90_888.cnf,TIMEOUT
/home/richard/project/SAT_benchmark/SATLIB/CBS_k3_n100_m403_b90/CBS_k3_n100_m403_b90_209.cnf,TIMEOUT
/home/richard/project/SAT_benchmark/SATLIB/CBS_k3_n100_m403_b90/CBS_k3_n100_m403_b90_692.cnf,TIMEOUT
/home/richard/project/SAT_benchmark/SATLIB/CBS_k3_n100_m403_b90/CBS_k3_n100_m403_b90_150.cnf,TIMEOUT
/home/richard/project/SAT_benchmark/SATLIB/CBS_k3_n100_m403_b90/CBS_k3_n100_m403_b90_515.cnf,TIMEOUT
/home/richard/project/SAT_benchmark/SATLIB/CBS_k3_n100_m403_b90/CBS_k3_n100_m403_b90_669.cnf,TIMEOUT
/home/richard/project/SAT_benchmark/SATLIB/CBS_k3_n100_m403_b90/CBS_k3_n100_m403_b90_250.cnf,TIMEOUT
/home/richard/project/SAT_benchmark/SATLIB/CBS_k3_n100_m403_b90/CBS_k3_n100_m403_b90_431.cnf,TIMEOUT
/home/richard/project/SAT_benchmark/SATLIB/CBS_k3_n100_m403_b90/CBS_k3_n100_m403_b90_317.cnf,TIMEOUT
/home/richard/project/SAT_benchmark/SATLIB/CBS_k3_n100_m403_b90/CBS_k3_n100_m403_b90_839.cnf,TIMEOUT
/home/richard/project/SAT_benchmark/SATLIB/CBS_k3_n100_m403_b90/CBS_k3_n100_m403_b90_183.cnf,TIMEOUT
/home/richard/project/SAT_benchmark/SATLIB/CBS_k3_n100_m403_b90/CBS_k3_n100_m403_b90_341.cnf,TIMEOUT
/home/richard/project/SAT_benchmark/SATLIB/CBS_k3_n100_m403_b90/CBS_k3_n100_m403_b90_524.cnf,TIMEOUT
/home/richard/project/SAT_benchmark/SATLIB/CBS_k3_n100_m403_b90/CBS_k3_n100_m403_b90_207.cnf,TIMEOUT
/home/richard/project/SAT_benchmark/SATLIB/CBS_k3_n100_m403_b90/CBS_k3_n100_m403_b90_973.cnf,TIMEOUT
/home/richard/project/SAT_benchmark/SATLIB/CBS_k3_n100_m403_b90/CBS_k3_n100_m403_b90_887.cnf,TIMEOUT
/home/richard/project/SAT_benchmark/SATLIB/CBS_k3_n100_m403_b90/CBS_k3_n100_m403_b90_842.cnf,TIMEOUT
/home/richard/project/SAT_benchmark/SATLIB/CBS_k3_n100_m403_b90/CBS_k3_n100_m403_b90_3.cnf,TIMEOUT
/home/richard/project/SAT_benchmark/SATLIB/CBS_k3_n100_m403_b90/CBS_k3_n100_m403_b90_680.cnf,TIMEOUT
/home/richard/project/SAT_benchmark/SATLIB/CBS_k3_n100_m403_b90/CBS_k3_n100_m403_b90_484.cnf,TIMEOUT
/home/richard/project/SAT_benchmark/SATLIB/CBS_k3_n100_m411_b30/CBS_k3_n100_m411_b30_742.cnf,TIMEOUT
/home/richard/project/SAT_benchmark/SATLIB/CBS_k3_n100_m411_b30/CBS_k3_n100_m411_b30_190.cnf,TIMEOUT
/home/richard/project/SAT_benchmark/SATLIB/CBS_k3_n100_m411_b50/CBS_k3_n100_m411_b50_353.cnf,TIMEOUT
/home/richard/project/SAT_benchmark/SATLIB/CBS_k3_n100_m411_b50/CBS_k3_n100_m411_b50_905.cnf,TIMEOUT
/home/richard/project/SAT_benchmark/SATLIB/CBS_k3_n100_m411_b50/CBS_k3_n100_m411_b50_475.cnf,TIMEOUT
/home/richard/project/SAT_benchmark/SATLIB/CBS_k3_n100_m411_b50/CBS_k3_n100_m411_b50_787.cnf,TIMEOUT
/home/richard/project/SAT_benchmark/SATLIB/CBS_k3_n100_m411_b50/CBS_k3_n100_m411_b50_663.cnf,TIMEOUT
/home/richard/project/SAT_benchmark/SATLIB/CBS_k3_n100_m411_b50/CBS_k3_n100_m411_b50_67.cnf,TIMEOUT
/home/richard/project/SAT_benchmark/SATLIB/CBS_k3_n100_m411_b50/CBS_k3_n100_m411_b50_665.cnf,TIMEOUT
/home/richard/project/SAT_benchmark/SATLIB/CBS_k3_n100_m411_b50/CBS_k3_n100_m411_b50_689.cnf,TIMEOUT
/home/richard/project/SAT_benchmark/SATLIB/CBS_k3_n100_m411_b50/CBS_k3_n100_m411_b50_309.cnf,TIMEOUT
/home/richard/project/SAT_benchmark/SATLIB/CBS_k3_n100_m411_b70/CBS_k3_n100_m411_b70_867.cnf,TIMEOUT
/home/richard/project/SAT_benchmark/SATLIB/CBS_k3_n100_m411_b70/CBS_k3_n100_m411_b70_130.cnf,TIMEOUT
/home/richard/project/SAT_benchmark/SATLIB/CBS_k3_n100_m411_b70/CBS_k3_n100_m411_b70_198.cnf,TIMEOUT
/home/richard/project/SAT_benchmark/SATLIB/CBS_k3_n100_m411_b70/CBS_k3_n100_m411_b70_128.cnf,TIMEOUT
/home/richard/project/SAT_benchmark/SATLIB/CBS_k3_n100_m411_b70/CBS_k3_n100_m411_b70_454.cnf,TIMEOUT
/home/richard/project/SAT_benchmark/SATLIB/CBS_k3_n100_m411_b70/CBS_k3_n100_m411_b70_624.cnf,TIMEOUT
/home/richard/project/SAT_benchmark/SATLIB/CBS_k3_n100_m411_b70/CBS_k3_n100_m411_b70_146.cnf,TIMEOUT
/home/richard/project/SAT_benchmark/SATLIB/CBS_k3_n100_m411_b70/CBS_k3_n100_m411_b70_871.cnf,TIMEOUT
/home/richard/project/SAT_benchmark/SATLIB/CBS_k3_n100_m411_b70/CBS_k3_n100_m411_b70_4.cnf,TIMEOUT
/home/richard/project/SAT_benchmark/SATLIB/CBS_k3_n100_m411_b70/CBS_k3_n100_m411_b70_631.cnf,TIMEOUT
/home/richard/project/SAT_benchmark/SATLIB/CBS_k3_n100_m411_b70/CBS_k3_n100_m411_b70_399.cnf,TIMEOUT
/home/richard/project/SAT_benchmark/SATLIB/CBS_k3_n100_m411_b70/CBS_k3_n100_m411_b70_483.cnf,TIMEOUT
/home/richard/project/SAT_benchmark/SATLIB/CBS_k3_n100_m411_b90/CBS_k3_n100_m411_b90_47.cnf,TIMEOUT
/home/richard/project/SAT_benchmark/SATLIB/CBS_k3_n100_m411_b90/CBS_k3_n100_m411_b90_916.cnf,TIMEOUT
/home/richard/project/SAT_benchmark/SATLIB/CBS_k3_n100_m411_b90/CBS_k3_n100_m411_b90_138.cnf,TIMEOUT
/home/richard/project/SAT_benchmark/SATLIB/CBS_k3_n100_m411_b90/CBS_k3_n100_m411_b90_944.cnf,TIMEOUT
/home/richard/project/SAT_benchmark/SATLIB/CBS_k3_n100_m411_b90/CBS_k3_n100_m411_b90_892.cnf,TIMEOUT
/home/richard/project/SAT_benchmark/SATLIB/CBS_k3_n100_m411_b90/CBS_k3_n100_m411_b90_175.cnf,TIMEOUT
/home/richard/project/SAT_benchmark/SATLIB/CBS_k3_n100_m411_b90/CBS_k3_n100_m411_b90_597.cnf,TIMEOUT
/home/richard/project/SAT_benchmark/SATLIB/CBS_k3_n100_m411_b90/CBS_k3_n100_m411_b90_758.cnf,TIMEOUT
/home/richard/project/SAT_benchmark/SATLIB/CBS_k3_n100_m411_b90/CBS_k3_n100_m411_b90_401.cnf,TIMEOUT
/home/richard/project/SAT_benchmark/SATLIB/CBS_k3_n100_m411_b90/CBS_k3_n100_m411_b90_434.cnf,TIMEOUT
/home/richard/project/SAT_benchmark/SATLIB/CBS_k3_n100_m411_b90/CBS_k3_n100_m411_b90_220.cnf,TIMEOUT
/home/richard/project/SAT_benchmark/SATLIB/CBS_k3_n100_m411_b90/CBS_k3_n100_m411_b90_567.cnf,TIMEOUT
/home/richard/project/SAT_benchmark/SATLIB/CBS_k3_n100_m411_b90/CBS_k3_n100_m411_b90_452.cnf,TIMEOUT
/home/richard/project/SAT_benchmark/SATLIB/CBS_k3_n100_m411_b90/CBS_k3_n100_m411_b90_338.cnf,TIMEOUT
/home/richard/project/SAT_benchmark/SATLIB/CBS_k3_n100_m411_b90/CBS_k3_n100_m411_b90_494.cnf,TIMEOUT
/home/richard/project/SAT_benchmark/SATLIB/CBS_k3_n100_m411_b90/CBS_k3_n100_m411_b90_909.cnf,TIMEOUT
/home/richard/project/SAT_benchmark/SATLIB/CBS_k3_n100_m411_b90/CBS_k3_n100_m411_b90_552.cnf,TIMEOUT
/home/richard/project/SAT_benchmark/SATLIB/CBS_k3_n100_m418_b50/CBS_k3_n100_m418_b50_947.cnf,TIMEOUT
/home/richard/project/SAT_benchmark/SATLIB/CBS_k3_n100_m418_b50/CBS_k3_n100_m418_b50_840.cnf,TIMEOUT
/home/richard/project/SAT_benchmark/SATLIB/CBS_k3_n100_m418_b50/CBS_k3_n100_m418_b50_428.cnf,TIMEOUT
/home/richard/project/SAT_benchmark/SATLIB/CBS_k3_n100_m418_b50/CBS_k3_n100_m418_b50_858.cnf,TIMEOUT
/home/richard/project/SAT_benchmark/SATLIB/CBS_k3_n100_m418_b50/CBS_k3_n100_m418_b50_343.cnf,TIMEOUT
/home/richard/project/SAT_benchmark/SATLIB/CBS_k3_n100_m418_b70/CBS_k3_n100_m418_b70_306.cnf,TIMEOUT
/home/richard/project/SAT_benchmark/SATLIB/CBS_k3_n100_m418_b70/CBS_k3_n100_m418_b70_615.cnf,TIMEOUT
/home/richard/project/SAT_benchmark/SATLIB/CBS_k3_n100_m418_b70/CBS_k3_n100_m418_b70_158.cnf,TIMEOUT
/home/richard/project/SAT_benchmark/SATLIB/CBS_k3_n100_m418_b70/CBS_k3_n100_m418_b70_918.cnf,TIMEOUT
/home/richard/project/SAT_benchmark/SATLIB/CBS_k3_n100_m418_b70/CBS_k3_n100_m418_b70_93.cnf,TIMEOUT
/home/richard/project/SAT_benchmark/SATLIB/CBS_k3_n100_m418_b70/CBS_k3_n100_m418_b70_124.cnf,TIMEOUT
/home/richard/project/SAT_benchmark/SATLIB/CBS_k3_n100_m418_b70/CBS_k3_n100_m418_b70_619.cnf,TIMEOUT
/home/richard/project/SAT_benchmark/SATLIB/CBS_k3_n100_m418_b70/CBS_k3_n100_m418_b70_602.cnf,TIMEOUT
/home/richard/project/SAT_benchmark/SATLIB/CBS_k3_n100_m418_b70/CBS_k3_n100_m418_b70_17.cnf,TIMEOUT
/home/richard/project/SAT_benchmark/SATLIB/CBS_k3_n100_m418_b70/CBS_k3_n100_m418_b70_129.cnf,TIMEOUT
/home/richard/project/SAT_benchmark/SATLIB/CBS_k3_n100_m418_b70/CBS_k3_n100_m418_b70_46.cnf,TIMEOUT
/home/richard/project/SAT_benchmark/SATLIB/CBS_k3_n100_m418_b70/CBS_k3_n100_m418_b70_992.cnf,TIMEOUT
/home/richard/project/SAT_benchmark/SATLIB/CBS_k3_n100_m418_b70/CBS_k3_n100_m418_b70_775.cnf,TIMEOUT
/home/richard/project/SAT_benchmark/SATLIB/CBS_k3_n100_m418_b70/CBS_k3_n100_m418_b70_52.cnf,TIMEOUT
/home/richard/project/SAT_benchmark/SATLIB/CBS_k3_n100_m418_b70/CBS_k3_n100_m418_b70_946.cnf,TIMEOUT
/home/richard/project/SAT_benchmark/SATLIB/CBS_k3_n100_m418_b70/CBS_k3_n100_m418_b70_626.cnf,TIMEOUT
/home/richard/project/SAT_benchmark/SATLIB/CBS_k3_n100_m418_b70/CBS_k3_n100_m418_b70_114.cnf,TIMEOUT
/home/richard/project/SAT_benchmark/SATLIB/CBS_k3_n100_m418_b70/CBS_k3_n100_m418_b70_96.cnf,TIMEOUT
/home/richard/project/SAT_benchmark/SATLIB/CBS_k3_n100_m418_b70/CBS_k3_n100_m418_b70_270.cnf,TIMEOUT
/home/richard/project/SAT_benchmark/SATLIB/CBS_k3_n100_m418_b70/CBS_k3_n100_m418_b70_237.cnf,TIMEOUT
/home/richard/project/SAT_benchmark/SATLIB/CBS_k3_n100_m418_b70/CBS_k3_n100_m418_b70_532.cnf,TIMEOUT
/home/richard/project/SAT_benchmark/SATLIB/CBS_k3_n100_m418_b70/CBS_k3_n100_m418_b70_536.cnf,TIMEOUT
/home/richard/project/SAT_benchmark/SATLIB/CBS_k3_n100_m418_b70/CBS_k3_n100_m418_b70_232.cnf,TIMEOUT
/home/richard/project/SAT_benchmark/SATLIB/CBS_k3_n100_m418_b70/CBS_k3_n100_m418_b70_797.cnf,TIMEOUT
/home/richard/project/SAT_benchmark/SATLIB/CBS_k3_n100_m418_b70/CBS_k3_n100_m418_b70_347.cnf,TIMEOUT
/home/richard/project/SAT_benchmark/SATLIB/CBS_k3_n100_m418_b70/CBS_k3_n100_m418_b70_627.cnf,TIMEOUT
/home/richard/project/SAT_benchmark/SATLIB/CBS_k3_n100_m418_b70/CBS_k3_n100_m418_b70_865.cnf,TIMEOUT
/home/richard/project/SAT_benchmark/SATLIB/CBS_k3_n100_m418_b70/CBS_k3_n100_m418_b70_560.cnf,TIMEOUT
/home/richard/project/SAT_benchmark/SATLIB/CBS_k3_n100_m418_b70/CBS_k3_n100_m418_b70_58.cnf,TIMEOUT
/home/richard/project/SAT_benchmark/SATLIB/CBS_k3_n100_m418_b70/CBS_k3_n100_m418_b70_724.cnf,TIMEOUT
/home/richard/project/SAT_benchmark/SATLIB/CBS_k3_n100_m418_b70/CBS_k3_n100_m418_b70_367.cnf,TIMEOUT
/home/richard/project/SAT_benchmark/SATLIB/CBS_k3_n100_m418_b70/CBS_k3_n100_m418_b70_231.cnf,TIMEOUT
/home/richard/project/SAT_benchmark/SATLIB/CBS_k3_n100_m418_b70/CBS_k3_n100_m418_b70_568.cnf,TIMEOUT
/home/richard/project/SAT_benchmark/SATLIB/CBS_k3_n100_m418_b70/CBS_k3_n100_m418_b70_90.cnf,TIMEOUT
/home/richard/project/SAT_benchmark/SATLIB/CBS_k3_n100_m418_b70/CBS_k3_n100_m418_b70_537.cnf,TIMEOUT
/home/richard/project/SAT_benchmark/SATLIB/CBS_k3_n100_m418_b70/CBS_k3_n100_m418_b70_310.cnf,TIMEOUT
/home/richard/project/SAT_benchmark/SATLIB/CBS_k3_n100_m418_b70/CBS_k3_n100_m418_b70_623.cnf,TIMEOUT
/home/richard/project/SAT_benchmark/SATLIB/CBS_k3_n100_m418_b70/CBS_k3_n100_m418_b70_248.cnf,TIMEOUT
/home/richard/project/SAT_benchmark/SATLIB/CBS_k3_n100_m418_b70/CBS_k3_n100_m418_b70_725.cnf,TIMEOUT
/home/richard/project/SAT_benchmark/SATLIB/CBS_k3_n100_m418_b70/CBS_k3_n100_m418_b70_125.cnf,TIMEOUT
/home/richard/project/SAT_benchmark/SATLIB/CBS_k3_n100_m418_b70/CBS_k3_n100_m418_b70_187.cnf,TIMEOUT
/home/richard/project/SAT_benchmark/SATLIB/CBS_k3_n100_m418_b70/CBS_k3_n100_m418_b70_786.cnf,TIMEOUT
/home/richard/project/SAT_benchmark/SATLIB/CBS_k3_n100_m418_b70/CBS_k3_n100_m418_b70_705.cnf,TIMEOUT
/home/richard/project/SAT_benchmark/SATLIB/CBS_k3_n100_m418_b70/CBS_k3_n100_m418_b70_308.cnf,TIMEOUT
/home/richard/project/SAT_benchmark/SATLIB/CBS_k3_n100_m418_b70/CBS_k3_n100_m418_b70_459.cnf,TIMEOUT
/home/richard/project/SAT_benchmark/SATLIB/CBS_k3_n100_m418_b70/CBS_k3_n100_m418_b70_552.cnf,TIMEOUT
/home/richard/project/SAT_benchmark/SATLIB/CBS_k3_n100_m418_b70/CBS_k3_n100_m418_b70_493.cnf,TIMEOUT
/home/richard/project/SAT_benchmark/SATLIB/CBS_k3_n100_m418_b70/CBS_k3_n100_m418_b70_613.cnf,TIMEOUT
/home/richard/project/SAT_benchmark/SATLIB/CBS_k3_n100_m418_b70/CBS_k3_n100_m418_b70_634.cnf,TIMEOUT
/home/richard/project/SAT_benchmark/SATLIB/CBS_k3_n100_m418_b70/CBS_k3_n100_m418_b70_717.cnf,TIMEOUT
/home/richard/project/SAT_benchmark/SATLIB/CBS_k3_n100_m418_b70/CBS_k3_n100_m418_b70_427.cnf,TIMEOUT
/home/richard/project/SAT_benchmark/SATLIB/CBS_k3_n100_m418_b70/CBS_k3_n100_m418_b70_243.cnf,TIMEOUT
/home/richard/project/SAT_benchmark/SATLIB/CBS_k3_n100_m418_b70/CBS_k3_n100_m418_b70_365.cnf,TIMEOUT
/home/richard/project/SAT_benchmark/SATLIB/CBS_k3_n100_m418_b70/CBS_k3_n100_m418_b70_190.cnf,TIMEOUT
/home/richard/project/SAT_benchmark/SATLIB/CBS_k3_n100_m418_b70/CBS_k3_n100_m418_b70_949.cnf,TIMEOUT
/home/richard/project/SAT_benchmark/SATLIB/CBS_k3_n100_m418_b70/CBS_k3_n100_m418_b70_943.cnf,TIMEOUT
/home/richard/project/SAT_benchmark/SATLIB/CBS_k3_n100_m418_b70/CBS_k3_n100_m418_b70_572.cnf,TIMEOUT
/home/richard/project/SAT_benchmark/SATLIB/CBS_k3_n100_m418_b70/CBS_k3_n100_m418_b70_785.cnf,TIMEOUT
/home/richard/project/SAT_benchmark/SATLIB/CBS_k3_n100_m418_b70/CBS_k3_n100_m418_b70_256.cnf,TIMEOUT
/home/richard/project/SAT_benchmark/SATLIB/CBS_k3_n100_m418_b70/CBS_k3_n100_m418_b70_103.cnf,TIMEOUT
/home/richard/project/SAT_benchmark/SATLIB/CBS_k3_n100_m418_b70/CBS_k3_n100_m418_b70_344.cnf,TIMEOUT
/home/richard/project/SAT_benchmark/SATLIB/CBS_k3_n100_m418_b70/CBS_k3_n100_m418_b70_517.cnf,TIMEOUT
/home/richard/project/SAT_benchmark/SATLIB/CBS_k3_n100_m418_b70/CBS_k3_n100_m418_b70_585.cnf,TIMEOUT
/home/richard/project/SAT_benchmark/SATLIB/CBS_k3_n100_m418_b70/CBS_k3_n100_m418_b70_101.cnf,TIMEOUT
/home/richard/project/SAT_benchmark/SATLIB/CBS_k3_n100_m418_b70/CBS_k3_n100_m418_b70_42.cnf,TIMEOUT
/home/richard/project/SAT_benchmark/SATLIB/CBS_k3_n100_m418_b70/CBS_k3_n100_m418_b70_387.cnf,TIMEOUT
/home/richard/project/SAT_benchmark/SATLIB/CBS_k3_n100_m418_b70/CBS_k3_n100_m418_b70_798.cnf,TIMEOUT
/home/richard/project/SAT_benchmark/SATLIB/CBS_k3_n100_m418_b70/CBS_k3_n100_m418_b70_702.cnf,TIMEOUT
/home/richard/project/SAT_benchmark/SATLIB/CBS_k3_n100_m418_b70/CBS_k3_n100_m418_b70_726.cnf,TIMEOUT
/home/richard/project/SAT_benchmark/SATLIB/CBS_k3_n100_m418_b70/CBS_k3_n100_m418_b70_566.cnf,TIMEOUT
/home/richard/project/SAT_benchmark/SATLIB/CBS_k3_n100_m418_b70/CBS_k3_n100_m418_b70_161.cnf,TIMEOUT
/home/richard/project/SAT_benchmark/SATLIB/CBS_k3_n100_m418_b70/CBS_k3_n100_m418_b70_9.cnf,TIMEOUT
/home/richard/project/SAT_benchmark/SATLIB/CBS_k3_n100_m418_b70/CBS_k3_n100_m418_b70_579.cnf,TIMEOUT
/home/richard/project/SAT_benchmark/SATLIB/CBS_k3_n100_m418_b70/CBS_k3_n100_m418_b70_70.cnf,TIMEOUT
/home/richard/project/SAT_benchmark/SATLIB/CBS_k3_n100_m418_b70/CBS_k3_n100_m418_b70_98.cnf,TIMEOUT
/home/richard/project/SAT_benchmark/SATLIB/CBS_k3_n100_m418_b70/CBS_k3_n100_m418_b70_352.cnf,TIMEOUT
/home/richard/project/SAT_benchmark/SATLIB/CBS_k3_n100_m418_b70/CBS_k3_n100_m418_b70_519.cnf,TIMEOUT
/home/richard/project/SAT_benchmark/SATLIB/CBS_k3_n100_m418_b70/CBS_k3_n100_m418_b70_628.cnf,TIMEOUT
/home/richard/project/SAT_benchmark/SATLIB/CBS_k3_n100_m418_b70/CBS_k3_n100_m418_b70_380.cnf,TIMEOUT
/home/richard/project/SAT_benchmark/SATLIB/CBS_k3_n100_m418_b70/CBS_k3_n100_m418_b70_562.cnf,TIMEOUT
/home/richard/project/SAT_benchmark/SATLIB/CBS_k3_n100_m418_b70/CBS_k3_n100_m418_b70_872.cnf,TIMEOUT
/home/richard/project/SAT_benchmark/SATLIB/CBS_k3_n100_m418_b70/CBS_k3_n100_m418_b70_12.cnf,TIMEOUT
/home/richard/project/SAT_benchmark/SATLIB/CBS_k3_n100_m418_b70/CBS_k3_n100_m418_b70_343.cnf,TIMEOUT
/home/richard/project/SAT_benchmark/SATLIB/CBS_k3_n100_m418_b70/CBS_k3_n100_m418_b70_948.cnf,TIMEOUT
/home/richard/project/SAT_benchmark/SATLIB/CBS_k3_n100_m418_b70/CBS_k3_n100_m418_b70_984.cnf,TIMEOUT
/home/richard/project/SAT_benchmark/SATLIB/CBS_k3_n100_m418_b70/CBS_k3_n100_m418_b70_792.cnf,TIMEOUT
/home/richard/project/SAT_benchmark/SATLIB/CBS_k3_n100_m418_b70/CBS_k3_n100_m418_b70_302.cnf,TIMEOUT
/home/richard/project/SAT_benchmark/SATLIB/CBS_k3_n100_m418_b70/CBS_k3_n100_m418_b70_264.cnf,TIMEOUT
/home/richard/project/SAT_benchmark/SATLIB/CBS_k3_n100_m418_b70/CBS_k3_n100_m418_b70_44.cnf,TIMEOUT
/home/richard/project/SAT_benchmark/SATLIB/CBS_k3_n100_m418_b70/CBS_k3_n100_m418_b70_701.cnf,TIMEOUT
/home/richard/project/SAT_benchmark/SATLIB/CBS_k3_n100_m418_b70/CBS_k3_n100_m418_b70_512.cnf,TIMEOUT
/home/richard/project/SAT_benchmark/SATLIB/CBS_k3_n100_m418_b70/CBS_k3_n100_m418_b70_245.cnf,TIMEOUT
/home/richard/project/SAT_benchmark/SATLIB/CBS_k3_n100_m418_b70/CBS_k3_n100_m418_b70_842.cnf,TIMEOUT
/home/richard/project/SAT_benchmark/SATLIB/CBS_k3_n100_m418_b70/CBS_k3_n100_m418_b70_122.cnf,TIMEOUT
/home/richard/project/SAT_benchmark/SATLIB/CBS_k3_n100_m418_b70/CBS_k3_n100_m418_b70_852.cnf,TIMEOUT
/home/richard/project/SAT_benchmark/SATLIB/CBS_k3_n100_m418_b70/CBS_k3_n100_m418_b70_520.cnf,TIMEOUT
/home/richard/project/SAT_benchmark/SATLIB/CBS_k3_n100_m418_b70/CBS_k3_n100_m418_b70_960.cnf,TIMEOUT
/home/richard/project/SAT_benchmark/SATLIB/CBS_k3_n100_m418_b70/CBS_k3_n100_m418_b70_281.cnf,TIMEOUT
/home/richard/project/SAT_benchmark/SATLIB/CBS_k3_n100_m418_b70/CBS_k3_n100_m418_b70_236.cnf,TIMEOUT
/home/richard/project/SAT_benchmark/SATLIB/CBS_k3_n100_m418_b70/CBS_k3_n100_m418_b70_462.cnf,TIMEOUT
/home/richard/project/SAT_benchmark/SATLIB/CBS_k3_n100_m418_b70/CBS_k3_n100_m418_b70_50.cnf,TIMEOUT
/home/richard/project/SAT_benchmark/SATLIB/CBS_k3_n100_m418_b70/CBS_k3_n100_m418_b70_803.cnf,TIMEOUT
/home/richard/project/SAT_benchmark/SATLIB/CBS_k3_n100_m418_b70/CBS_k3_n100_m418_b70_910.cnf,TIMEOUT
/home/richard/project/SAT_benchmark/SATLIB/CBS_k3_n100_m418_b70/CBS_k3_n100_m418_b70_687.cnf,TIMEOUT
/home/richard/project/SAT_benchmark/SATLIB/CBS_k3_n100_m418_b70/CBS_k3_n100_m418_b70_401.cnf,TIMEOUT
/home/richard/project/SAT_benchmark/SATLIB/CBS_k3_n100_m418_b70/CBS_k3_n100_m418_b70_251.cnf,TIMEOUT
/home/richard/project/SAT_benchmark/SATLIB/CBS_k3_n100_m418_b70/CBS_k3_n100_m418_b70_874.cnf,TIMEOUT
/home/richard/project/SAT_benchmark/SATLIB/CBS_k3_n100_m418_b70/CBS_k3_n100_m418_b70_496.cnf,TIMEOUT
/home/richard/project/SAT_benchmark/SATLIB/CBS_k3_n100_m418_b70/CBS_k3_n100_m418_b70_708.cnf,TIMEOUT
/home/richard/project/SAT_benchmark/SATLIB/CBS_k3_n100_m418_b70/CBS_k3_n100_m418_b70_965.cnf,TIMEOUT
/home/richard/project/SAT_benchmark/SATLIB/CBS_k3_n100_m418_b70/CBS_k3_n100_m418_b70_744.cnf,TIMEOUT
/home/richard/project/SAT_benchmark/SATLIB/CBS_k3_n100_m418_b70/CBS_k3_n100_m418_b70_454.cnf,TIMEOUT
/home/richard/project/SAT_benchmark/SATLIB/CBS_k3_n100_m418_b70/CBS_k3_n100_m418_b70_397.cnf,TIMEOUT
/home/richard/project/SAT_benchmark/SATLIB/CBS_k3_n100_m418_b70/CBS_k3_n100_m418_b70_317.cnf,TIMEOUT
/home/richard/project/SAT_benchmark/SATLIB/CBS_k3_n100_m418_b70/CBS_k3_n100_m418_b70_453.cnf,TIMEOUT
/home/richard/project/SAT_benchmark/SATLIB/CBS_k3_n100_m418_b70/CBS_k3_n100_m418_b70_854.cnf,TIMEOUT
/home/richard/project/SAT_benchmark/SATLIB/CBS_k3_n100_m418_b70/CBS_k3_n100_m418_b70_405.cnf,TIMEOUT
/home/richard/project/SAT_benchmark/SATLIB/CBS_k3_n100_m418_b70/CBS_k3_n100_m418_b70_389.cnf,TIMEOUT
/home/richard/project/SAT_benchmark/SATLIB/CBS_k3_n100_m418_b70/CBS_k3_n100_m418_b70_555.cnf,TIMEOUT
/home/richard/project/SAT_benchmark/SATLIB/CBS_k3_n100_m418_b70/CBS_k3_n100_m418_b70_902.cnf,TIMEOUT
/home/richard/project/SAT_benchmark/SATLIB/CBS_k3_n100_m418_b70/CBS_k3_n100_m418_b70_314.cnf,TIMEOUT
/home/richard/project/SAT_benchmark/SATLIB/CBS_k3_n100_m418_b70/CBS_k3_n100_m418_b70_729.cnf,TIMEOUT
/home/richard/project/SAT_benchmark/SATLIB/CBS_k3_n100_m418_b70/CBS_k3_n100_m418_b70_150.cnf,TIMEOUT
/home/richard/project/SAT_benchmark/SATLIB/CBS_k3_n100_m418_b70/CBS_k3_n100_m418_b70_796.cnf,TIMEOUT
/home/richard/project/SAT_benchmark/SATLIB/CBS_k3_n100_m418_b70/CBS_k3_n100_m418_b70_486.cnf,TIMEOUT
/home/richard/project/SAT_benchmark/SATLIB/CBS_k3_n100_m418_b70/CBS_k3_n100_m418_b70_26.cnf,TIMEOUT
/home/richard/project/SAT_benchmark/SATLIB/CBS_k3_n100_m418_b70/CBS_k3_n100_m418_b70_578.cnf,TIMEOUT
/home/richard/project/SAT_benchmark/SATLIB/CBS_k3_n100_m418_b70/CBS_k3_n100_m418_b70_764.cnf,TIMEOUT
/home/richard/project/SAT_benchmark/SATLIB/CBS_k3_n100_m418_b70/CBS_k3_n100_m418_b70_341.cnf,TIMEOUT
/home/richard/project/SAT_benchmark/SATLIB/CBS_k3_n100_m418_b70/CBS_k3_n100_m418_b70_434.cnf,TIMEOUT
/home/richard/project/SAT_benchmark/SATLIB/CBS_k3_n100_m418_b70/CBS_k3_n100_m418_b70_871.cnf,TIMEOUT
/home/richard/project/SAT_benchmark/SATLIB/CBS_k3_n100_m418_b70/CBS_k3_n100_m418_b70_458.cnf,TIMEOUT
/home/richard/project/SAT_benchmark/SATLIB/CBS_k3_n100_m418_b70/CBS_k3_n100_m418_b70_794.cnf,TIMEOUT
/home/richard/project/SAT_benchmark/SATLIB/CBS_k3_n100_m418_b70/CBS_k3_n100_m418_b70_271.cnf,TIMEOUT
/home/richard/project/SAT_benchmark/SATLIB/CBS_k3_n100_m418_b70/CBS_k3_n100_m418_b70_864.cnf,TIMEOUT
/home/richard/project/SAT_benchmark/SATLIB/CBS_k3_n100_m418_b70/CBS_k3_n100_m418_b70_710.cnf,TIMEOUT
/home/richard/project/SAT_benchmark/SATLIB/CBS_k3_n100_m418_b70/CBS_k3_n100_m418_b70_524.cnf,TIMEOUT
